Date,Income,Expense,Net_Savings,Savings_Rate,Rolling_Income,Rolling_Expense,Rolling_Savings,Category,Source,Category_Encoded
2020-01-02,0.0,-2961.27,-2961.27,,0.0,-2961.27,-2961.27,Food & Drink,original,1
2020-01-04,2291.0,-1185.08,1105.92,0.48272370144041904,1145.5,-2073.175,-927.675,Investment,original,3
2020-01-12,0.0,-1126.88,-1126.88,,763.6666666666666,-1757.743333333333,-994.0766666666667,Food & Drink,original,1
2020-01-14,0.0,-448.68,-448.68,,763.6666666666666,-920.2133333333333,-156.54666666666668,Shopping,original,7
2020-01-18,3287.0,-1520.03,1766.97,0.5375631274718589,1095.6666666666667,-1031.8633333333335,63.803333333333285,Food & Drink,original,1
2020-01-20,0.0,-1914.85,-1914.85,,1095.6666666666667,-1294.52,-198.85333333333332,Entertainment,original,0
2020-01-24,0.0,-1977.47,-1977.47,,1095.6666666666667,-1804.1166666666668,-708.4499999999999,Health & Fitness,original,2
2020-01-26,0.0,-1077.09,-1077.09,,0.0,-1656.47,-1656.47,Salary,original,6
2020-01-28,0.0,-166.81,-166.81,,0.0,-1073.79,-1073.7900000000002,Shopping,original,7
2020-01-30,0.0,-4760.09,-4760.09,,0.0,-2001.33,-2001.33,Food & Drink,original,1
2020-02-01,0.0,-333.68,-333.68,,0.0,-1753.5266666666666,-1753.5266666666666,Health & Fitness,original,2
2020-02-03,0.0,-1406.62,-1406.62,,0.0,-2166.7966666666666,-2166.7966666666666,Travel,original,8
2020-02-05,1838.0,-1222.17,615.8299999999999,0.3350544069640914,612.6666666666666,-987.4900000000001,-374.8233333333333,Investment,original,3
2020-02-07,3786.0,-3817.34,-31.340000000000146,-0.008277865821447477,1874.6666666666667,-2148.7100000000005,-274.04333333333335,Entertainment,original,0
2020-02-09,0.0,-1827.14,-1827.14,,1874.6666666666667,-2288.8833333333337,-414.21666666666675,Entertainment,original,0
2020-02-11,0.0,-433.13,-433.13,,1262.0,-2025.8700000000001,-763.87,Health & Fitness,original,2
2020-02-13,0.0,-294.31,-294.31,,0.0,-851.5266666666668,-851.5266666666666,Salary,original,6
2020-02-15,4009.0,-1754.33,2254.67,0.5624020952856074,1336.3333333333333,-827.2566666666668,509.07666666666677,Other,original,4
2020-02-17,1398.0,0.0,1398.0,1.0,1802.3333333333333,-682.8800000000001,1119.4533333333334,Investment,original,3
2020-02-19,3958.0,-769.42,3188.58,0.8056038403233956,3121.6666666666665,-841.2500000000001,2280.4166666666665,Investment,original,3
2020-02-25,0.0,-1942.45,-1942.45,,1785.3333333333333,-903.9566666666668,881.3766666666667,Travel,original,8
2020-02-27,5081.0,-1363.76,3717.24,0.7315961424916355,3013.0,-1358.5433333333333,1654.4566666666667,Other,original,4
2020-02-29,0.0,-1944.06,-1944.06,,1693.6666666666667,-1750.0900000000001,-56.423333333333325,Travel,original,8
2020-03-02,0.0,-1742.33,-1742.33,,1693.6666666666667,-1683.3833333333334,10.28333333333338,Rent,original,5
2020-03-04,0.0,-1516.0500000000002,-1516.0500000000002,,0.0,-1734.1466666666668,-1734.1466666666665,Entertainment,original,0
2020-03-08,0.0,-2345.42,-2345.42,,0.0,-1867.9333333333336,-1867.9333333333332,Rent,original,5
2020-03-10,0.0,-2136.64,-2136.64,,0.0,-1999.3700000000001,-1999.37,Rent,original,5
2020-03-12,0.0,-802.96,-802.96,,0.0,-1761.6733333333334,-1761.6733333333332,Utilities,original,9
2020-03-14,0.0,-3357.85,-3357.85,,0.0,-2099.15,-2099.1499999999996,Entertainment,original,0
2020-03-18,0.0,-881.82,-881.82,,0.0,-1680.876666666667,-1680.8766666666668,Health & Fitness,original,2
2020-03-20,0.0,-503.33,-503.33,,0.0,-1581.0,-1581.0,Rent,original,5
2020-03-22,2385.0,-151.28,2233.72,0.9365702306079664,795.0,-512.1433333333337,282.85666666666674,Food & Drink,original,1
2020-03-24,0.0,-144.13,-144.13,,795.0,-266.24666666666695,528.7533333333334,Entertainment,original,0
2020-03-28,1080.0,0.0,1080.0,1.0,1155.0,-98.4700000000003,1056.53,Other,original,4
2020-04-01,0.0,-1341.27,-1341.27,,360.0,-495.1333333333336,-135.1333333333332,Travel,original,8
2020-04-05,0.0,-2331.95,-2331.95,,360.0,-1224.406666666667,-864.4066666666664,Salary,original,6
2020-04-09,3402.0,0.0,3402.0,1.0,1134.0,-1224.406666666667,-90.40666666666645,Other,original,4
2020-04-17,996.0,-3332.2200000000003,-2336.2200000000003,-2.3456024096385546,1466.0,-1888.056666666667,-422.05666666666656,Health & Fitness,original,2
2020-04-21,2058.0,0.0,2058.0,1.0,2152.0,-1110.7400000000005,1041.26,Investment,original,3
2020-04-23,0.0,-849.54,-849.54,,1018.0,-1393.9200000000003,-375.9199999999999,Utilities,original,9
2020-04-25,914.0,-3688.5299999999997,-2774.5299999999997,-3.0355908096280086,990.6666666666666,-1512.6900000000003,-522.0233333333331,Entertainment,original,0
2020-04-27,0.0,-2071.61,-2071.61,,304.6666666666667,-2203.226666666667,-1898.5599999999997,Entertainment,original,0
2020-04-29,0.0,-2617.93,-2617.93,,304.6666666666667,-2792.69,-2488.023333333333,Travel,original,8
2020-05-01,0.0,-851.78,-851.78,,0.0,-1847.1066666666668,-1847.1066666666666,Travel,original,8
2020-05-03,0.0,-1480.62,-1480.62,,0.0,-1650.1100000000004,-1650.1099999999997,Food & Drink,original,1
2020-05-05,0.0,-393.31,-393.31,,0.0,-908.5700000000003,-908.5699999999998,Utilities,original,9
2020-05-07,3807.0,0.0,3807.0,1.0,1269.0,-624.6433333333335,644.3566666666668,Investment,original,3
2020-05-11,825.0,-1318.17,-493.1700000000001,-0.5977818181818183,1544.0,-570.4933333333337,973.5066666666668,Investment,original,3
2020-05-13,0.0,-2355.06,-2355.06,,1544.0,-1224.4100000000003,319.59000000000015,Health & Fitness,original,2
2020-05-15,0.0,-948.42,-948.42,,275.0,-1540.5500000000002,-1265.55,Rent,original,5
2020-05-17,0.0,-155.79,-155.79,,0.0,-1153.0900000000004,-1153.09,Rent,original,5
2020-05-19,0.0,-2033.34,-2033.34,,0.0,-1045.8500000000004,-1045.8499999999997,Rent,original,5
2020-05-21,0.0,-881.99,-881.99,,0.0,-1023.7066666666669,-1023.7066666666665,Utilities,original,9
2020-05-25,0.0,-1227.24,-1227.24,,0.0,-1380.8566666666668,-1380.8566666666666,Travel,original,8
2020-05-27,0.0,-3217.52,-3217.52,,0.0,-1775.5833333333337,-1775.583333333333,Food & Drink,original,1
2020-05-29,1376.0,-551.97,824.03,0.598859011627907,458.6666666666667,-1665.576666666667,-1206.9099999999999,Investment,original,3
2020-05-31,0.0,-1624.5900000000001,-1624.5900000000001,,458.6666666666667,-1798.0266666666673,-1339.36,Food & Drink,original,1
2020-06-02,0.0,-97.73,-97.73,,458.6666666666667,-758.0966666666669,-299.4299999999998,Travel,original,8
2020-06-04,0.0,-1277.86,-1277.86,,0.0,-1000.0600000000004,-1000.0599999999998,Utilities,original,9
2020-06-06,0.0,-1340.4699999999998,-1340.4699999999998,,0.0,-905.3533333333335,-905.3533333333329,Food & Drink,original,1
2020-06-08,826.0,-1961.0,-1135.0,-1.37409200968523,275.3333333333333,-1526.4433333333336,-1251.1099999999997,Utilities,original,9
2020-06-10,0.0,-6608.25,-6608.25,,275.3333333333333,-3303.2400000000002,-3027.9066666666663,Entertainment,original,0
2020-06-12,0.0,-1764.02,-1764.02,,275.3333333333333,-3444.423333333334,-3169.0899999999997,Utilities,original,9
2020-06-14,3872.0,-540.94,3331.06,0.8602944214876033,1290.6666666666667,-2971.070000000001,-1680.403333333333,Entertainment,original,0
2020-06-18,5686.0,-1888.12,3797.88,0.6679352796341893,3186.0,-1397.6933333333336,1788.306666666667,Other,original,4
2020-06-20,0.0,-2587.8599999999997,-2587.8599999999997,,3186.0,-1672.3066666666666,1513.6933333333336,Health & Fitness,original,2
2020-06-22,1962.0,-86.13,1875.87,0.9561009174311926,2549.3333333333335,-1520.7033333333331,1028.6300000000003,Other,original,4
2020-06-24,0.0,-1459.8,-1459.8,,654.0,-1377.9300000000003,-723.9299999999997,Health & Fitness,original,2
2020-06-30,0.0,-874.87,-874.87,,654.0,-806.9333333333335,-152.93333333333305,Rent,original,5
2020-07-02,3071.0,-734.8,2336.2,0.760729404102898,1023.6666666666666,-1023.1566666666669,0.5100000000002183,Entertainment,original,0
2020-07-04,0.0,-2779.43,-2779.43,,1023.6666666666666,-1463.0333333333335,-439.3666666666664,Rent,original,5
2020-07-06,1925.0,-1113.28,811.72,0.4216727272727273,1665.3333333333333,-1542.5033333333338,122.83000000000027,Other,original,4
2020-07-08,0.0,-818.09,-818.09,,641.6666666666666,-1570.266666666667,-928.5999999999998,Travel,original,8
2020-07-10,0.0,-580.96,-580.96,,641.6666666666666,-837.4433333333336,-195.77666666666644,Travel,original,8
2020-07-12,0.0,-3283.68,-3283.68,,0.0,-1560.91,-1560.9099999999999,Entertainment,original,0
2020-07-16,0.0,-195.84,-195.84,,0.0,-1353.4933333333336,-1353.493333333333,Health & Fitness,original,2
2020-07-20,1096.0,-1652.09,-556.0899999999999,-0.5073813868613138,365.3333333333333,-1710.5366666666669,-1345.2033333333331,Entertainment,original,0
2020-07-22,0.0,-5280.49,-5280.49,,365.3333333333333,-2376.14,-2010.8066666666662,Entertainment,original,0
2020-07-24,0.0,-109.93,-109.93,,365.3333333333333,-2347.5033333333336,-1982.1699999999994,Salary,original,6
2020-07-28,0.0,-4481.77,-4481.77,,0.0,-3290.73,-3290.7299999999996,Health & Fitness,original,2
2020-07-30,0.0,-2995.91,-2995.91,,0.0,-2529.2033333333334,-2529.203333333333,Travel,original,8
2020-08-01,2420.0,-3877.54,-1457.54,-0.6022892561983471,806.6666666666666,-3785.0733333333337,-2978.406666666666,Entertainment,original,0
2020-08-03,5604.0,-1549.68,4054.3199999999997,0.7234689507494646,2674.6666666666665,-2807.7099999999996,-133.04333333333275,Investment,original,3
2020-08-05,0.0,-4484.72,-4484.72,,2674.6666666666665,-3303.98,-629.3133333333329,Shopping,original,7
2020-08-07,0.0,-2590.48,-2590.48,,1868.0,-2874.9600000000005,-1006.9599999999996,Shopping,original,7
2020-08-09,0.0,-981.58,-981.58,,0.0,-2685.5933333333337,-2685.593333333333,Entertainment,original,0
2020-08-13,0.0,-1518.8799999999999,-1518.8799999999999,,0.0,-1696.9800000000002,-1696.9799999999993,Salary,original,6
2020-08-15,0.0,-1961.64,-1961.64,,0.0,-1487.3666666666668,-1487.3666666666659,Utilities,original,9
2020-08-17,0.0,-2476.9399999999996,-2476.9399999999996,,0.0,-1985.82,-1985.819999999999,Rent,original,5
2020-08-19,5169.0,0.0,5169.0,1.0,1723.0,-1479.5266666666666,243.47333333333427,Other,original,4
2020-08-21,0.0,-5859.42,-5859.42,,1723.0,-2778.786666666667,-1055.7866666666657,Travel,original,8
2020-08-25,0.0,-1564.65,-1564.65,,1723.0,-2474.69,-751.6899999999991,Rent,original,5
2020-08-27,1748.0,-1899.73,-151.73000000000002,-0.08680205949656751,582.6666666666666,-3107.933333333333,-2525.266666666666,Food & Drink,original,1
2020-08-29,0.0,-2277.64,-2277.64,,582.6666666666666,-1914.006666666667,-1331.3399999999992,Entertainment,original,0
2020-08-31,0.0,-1901.71,-1901.71,,582.6666666666666,-2026.36,-1443.6933333333327,Health & Fitness,original,2
2020-09-04,1385.0,-1155.84,229.16000000000008,0.1654584837545127,461.6666666666667,-1778.3966666666665,-1316.7299999999993,Other,original,4
2020-09-06,0.0,-1987.6100000000001,-1987.6100000000001,,461.6666666666667,-1681.72,-1220.0533333333326,Rent,original,5
2020-09-08,0.0,-212.78,-212.78,,461.6666666666667,-1118.7433333333333,-657.0766666666659,Entertainment,original,0
2020-09-10,0.0,-2442.65,-2442.65,,0.0,-1547.6800000000003,-1547.6799999999992,Food & Drink,original,1
2020-09-16,0.0,-3990.91,-3990.91,,0.0,-2215.4466666666667,-2215.4466666666663,Food & Drink,original,1
2020-09-18,0.0,-2170.77,-2170.77,,0.0,-2868.11,-2868.109999999999,Salary,original,6
2020-09-22,0.0,-3407.79,-3407.79,,0.0,-3189.8233333333337,-3189.8233333333324,Health & Fitness,original,2
2020-09-24,0.0,-687.27,-687.27,,0.0,-2088.61,-2088.609999999999,Travel,original,8
2020-09-26,0.0,-2411.19,-2411.19,,0.0,-2168.75,-2168.7499999999995,Entertainment,original,0
2020-09-28,0.0,-1295.35,-1295.35,,0.0,-1464.6033333333332,-1464.6033333333326,Salary,original,6
2020-09-30,0.0,-814.53,-814.53,,0.0,-1507.0233333333333,-1507.0233333333326,Entertainment,original,0
2020-10-02,0.0,-1111.41,-1111.41,,0.0,-1073.7633333333333,-1073.7633333333326,Salary,original,6
2020-10-04,0.0,-710.1,-710.1,,0.0,-878.68,-878.6799999999993,Health & Fitness,original,2
2020-10-06,5153.0,-510.29,4642.71,0.9009722491752378,1717.6666666666667,-777.2666666666668,940.4000000000009,Investment,original,3
2020-10-08,0.0,-2521.45,-2521.45,,1717.6666666666667,-1247.28,470.3866666666675,Salary,original,6
2020-10-10,5821.0,-462.69,5358.31,0.9205136574471741,3658.0,-1164.8100000000002,2493.190000000001,Investment,original,3
2020-10-12,0.0,-1279.36,-1279.36,,1940.3333333333333,-1421.1666666666667,519.1666666666678,Utilities,original,9
2020-10-14,0.0,-2709.35,-2709.35,,1940.3333333333333,-1483.8000000000002,456.5333333333345,Rent,original,5
2020-10-16,0.0,-3316.71,-3316.71,,0.0,-2435.14,-2435.139999999999,Rent,original,5
2020-10-18,0.0,-486.40999999999997,-486.40999999999997,,0.0,-2170.8233333333337,-2170.8233333333324,Travel,original,8
2020-10-22,0.0,-1216.57,-1216.57,,0.0,-1673.2300000000002,-1673.2299999999989,Shopping,original,7
2020-10-24,0.0,-1553.63,-1553.63,,0.0,-1085.5366666666669,-1085.5366666666657,Entertainment,original,0
2020-10-26,0.0,-3651.79,-3651.79,,0.0,-2140.6633333333334,-2140.6633333333325,Entertainment,original,0
2020-10-28,1923.0,-15.32,1907.68,0.9920332813312532,641.0,-1740.2466666666667,-1099.2466666666653,Investment,original,3
2020-10-30,0.0,-1998.56,-1998.56,,641.0,-1888.5566666666666,-1247.5566666666655,Salary,original,6
2020-11-01,0.0,-4522.35,-4522.35,,641.0,-2178.7433333333333,-1537.7433333333322,Entertainment,original,0
2020-11-03,0.0,-128.68,-128.68,,0.0,-2216.53,-2216.5299999999993,Rent,original,5
2020-11-05,0.0,-883.92,-883.92,,0.0,-1844.9833333333336,-1844.9833333333324,Travel,original,8
2020-11-07,0.0,-1402.47,-1402.47,,0.0,-805.0233333333332,-805.0233333333321,Travel,original,8
2020-11-09,0.0,-2544.6,-2544.6,,0.0,-1610.33,-1610.3299999999988,Food & Drink,original,1
2020-11-11,0.0,-3155.88,-3155.88,,0.0,-2367.65,-2367.649999999999,Food & Drink,original,1
2020-11-13,0.0,-3929.16,-3929.16,,0.0,-3209.8799999999997,-3209.8799999999987,Salary,original,6
2020-11-15,0.0,-3150.63,-3150.63,,0.0,-3411.89,-3411.889999999999,Food & Drink,original,1
2020-11-17,0.0,-1318.74,-1318.74,,0.0,-2799.51,-2799.509999999999,Food & Drink,original,1
2020-11-19,0.0,-117.87,-117.87,,0.0,-1529.0800000000002,-1529.079999999999,Shopping,original,7
2020-11-21,0.0,-1254.56,-1254.56,,0.0,-897.0566666666668,-897.0566666666656,Salary,original,6
2020-11-23,0.0,-541.44,-541.44,,0.0,-637.9566666666668,-637.9566666666657,Entertainment,original,0
2020-11-25,4089.0,-1674.1100000000001,2414.89,0.5905820494008315,1363.0,-1156.7033333333336,206.29666666666768,Entertainment,original,0
2020-11-27,4280.0,-1108.98,3171.02,0.740892523364486,2789.6666666666665,-1108.176666666667,1681.490000000001,Food & Drink,original,1
2020-11-29,0.0,-1001.77,-1001.77,,2789.6666666666665,-1261.6200000000001,1528.0466666666678,Utilities,original,9
2020-12-01,0.0,-836.83,-836.83,,1426.6666666666667,-982.5266666666668,444.14000000000107,Travel,original,8
2020-12-05,0.0,-2613.74,-2613.74,,0.0,-1484.1133333333335,-1484.113333333332,Salary,original,6
2020-12-09,0.0,-2329.2400000000002,-2329.2400000000002,,0.0,-1926.6033333333335,-1926.6033333333323,Shopping,original,7
2020-12-11,0.0,-3408.45,-3408.45,,0.0,-2783.81,-2783.809999999999,Salary,original,6
2020-12-13,0.0,-3574.68,-3574.68,,0.0,-3104.1233333333334,-3104.1233333333325,Entertainment,original,0
2020-12-15,0.0,-1896.2599999999998,-1896.2599999999998,,0.0,-2959.7966666666666,-2959.7966666666653,Shopping,original,7
2020-12-17,1322.0,-995.7,326.29999999999995,0.24682299546142206,440.6666666666667,-2155.5466666666666,-1714.8799999999985,Other,original,4
2020-12-19,0.0,-1656.0900000000001,-1656.0900000000001,,440.6666666666667,-1516.0166666666667,-1075.3499999999988,Food & Drink,original,1
2020-12-21,0.0,-158.91,-158.91,,440.6666666666667,-936.9000000000002,-496.2333333333324,Utilities,original,9
2020-12-23,0.0,-4297.49,-4297.49,,0.0,-2037.496666666667,-2037.4966666666658,Rent,original,5
2020-12-25,2423.0,-1746.04,676.96,0.27938918695831616,807.6666666666666,-2067.48,-1259.8133333333324,Investment,original,3
2020-12-27,0.0,-1994.88,-1994.88,,807.6666666666666,-2679.4700000000003,-1871.8033333333324,Travel,original,8
2020-12-29,0.0,-1956.89,-1956.89,,807.6666666666666,-1899.2700000000004,-1091.6033333333326,Shopping,original,7
2020-12-31,0.0,-994.4399999999999,-994.4399999999999,,0.0,-1648.736666666667,-1648.7366666666658,Food & Drink,original,1
2021-01-06,0.0,-1790.3600000000001,-1790.3600000000001,,0.0,-1580.5633333333335,-1580.5633333333324,Entertainment,original,0
2021-01-08,0.0,-348.27,-348.27,,0.0,-1044.3566666666668,-1044.3566666666657,Utilities,original,9
2021-01-10,2472.0,-990.1600000000001,1481.84,0.5994498381877023,824.0,-1042.9300000000003,-218.92999999999915,Other,original,4
2021-01-12,2856.0,-1438.48,1417.52,0.49633053221288514,1776.0,-925.6366666666669,850.3633333333343,Other,original,4
2021-01-14,3440.0,-2680.9,759.0999999999999,0.22066860465116275,2922.6666666666665,-1703.1800000000003,1219.4866666666676,Travel,original,8
2021-01-16,0.0,-2378.3500000000004,-2378.3500000000004,,2098.6666666666665,-2165.9100000000003,-67.24333333333259,Food & Drink,original,1
2021-01-18,0.0,-1553.72,-1553.72,,1146.6666666666667,-2204.3233333333337,-1057.6566666666658,Travel,original,8
2021-01-20,0.0,-445.82,-445.82,,0.0,-1459.2966666666673,-1459.296666666666,Health & Fitness,original,2
2021-01-24,1620.0,0.0,1620.0,1.0,540.0,-666.5133333333338,-126.51333333333234,Other,original,4
2021-01-26,3176.0,-3568.16,-392.15999999999985,-0.12347607052896721,1598.6666666666667,-1337.9933333333338,260.67333333333437,Health & Fitness,original,2
2021-01-28,0.0,-521.37,-521.37,,1598.6666666666667,-1363.176666666667,235.49000000000103,Utilities,original,9
2021-02-01,0.0,-1935.09,-1935.09,,1058.6666666666667,-2008.206666666667,-949.5399999999989,Salary,original,6
2021-02-05,0.0,-1900.5300000000002,-1900.5300000000002,,0.0,-1452.3300000000006,-1452.329999999999,Health & Fitness,original,2
2021-02-07,0.0,-2124.5699999999997,-2124.5699999999997,,0.0,-1986.7300000000005,-1986.7299999999989,Health & Fitness,original,2
2021-02-09,0.0,-2251.05,-2251.05,,0.0,-2092.0500000000006,-2092.049999999999,Travel,original,8
2021-02-11,0.0,-1468.5100000000002,-1468.5100000000002,,0.0,-1948.0433333333337,-1948.0433333333324,Food & Drink,original,1
2021-02-13,0.0,-1831.36,-1831.36,,0.0,-1850.3066666666673,-1850.3066666666657,Health & Fitness,original,2
2021-02-15,0.0,-1274.45,-1274.45,,0.0,-1524.7733333333338,-1524.7733333333324,Rent,original,5
2021-02-17,0.0,-1301.99,-1301.99,,0.0,-1469.266666666667,-1469.2666666666655,Travel,original,8
2021-02-19,804.0,-241.08,562.92,0.7001492537313432,268.0,-939.173333333334,-671.1733333333324,Investment,original,3
2021-02-21,0.0,-783.41,-783.41,,268.0,-775.4933333333338,-507.49333333333226,Utilities,original,9
2021-02-23,0.0,-2492.1,-2492.1,,268.0,-1172.196666666667,-904.1966666666655,Shopping,original,7
2021-02-27,0.0,-2321.09,-2321.09,,0.0,-1865.533333333334,-1865.5333333333322,Health & Fitness,original,2
2021-03-01,4960.0,-1842.84,3117.16,0.6284596774193548,1653.3333333333333,-2218.676666666667,-565.3433333333325,Entertainment,original,0
2021-03-03,0.0,-1898.53,-1898.53,,1653.3333333333333,-2020.8200000000004,-367.4866666666657,Rent,original,5
2021-03-05,0.0,-1439.5600000000002,-1439.5600000000002,,1653.3333333333333,-1726.9766666666671,-73.64333333333236,Food & Drink,original,1
2021-03-07,0.0,-3416.82,-3416.82,,0.0,-2251.636666666667,-2251.636666666666,Entertainment,original,0
2021-03-09,2771.0,-2203.9300000000003,567.0699999999997,0.20464453265968954,923.6666666666666,-2353.4366666666674,-1429.7699999999993,Utilities,original,9
2021-03-11,0.0,-39.57,-39.57,,923.6666666666666,-1886.7733333333338,-963.1066666666658,Utilities,original,9
2021-03-15,10139.0,-1181.82,8957.18,0.8834382088963408,4303.333333333333,-1141.773333333334,3161.5600000000013,Other,original,4
2021-03-17,855.0,-1952.84,-1097.84,-1.2840233918128654,3664.6666666666665,-1058.076666666667,2606.5900000000015,Health & Fitness,original,2
2021-03-19,0.0,-3372.52,-3372.52,,3664.6666666666665,-2169.060000000001,1495.6066666666682,Food & Drink,original,1
2021-03-21,4658.0,-1069.1399999999999,3588.86,0.7704723057106054,1837.6666666666667,-2131.5000000000005,-293.83333333333195,Investment,original,3
2021-03-23,4023.0,-2421.75,1601.25,0.39802386278896346,2893.6666666666665,-2287.8033333333337,605.8633333333347,Entertainment,original,0
2021-03-25,3060.0,-837.82,2222.18,0.726202614379085,3913.6666666666665,-1442.9033333333339,2470.7633333333347,Other,original,4
2021-03-27,0.0,-2051.25,-2051.25,,2361.0,-1770.2733333333342,590.7266666666678,Health & Fitness,original,2
2021-03-29,0.0,-2494.85,-2494.85,,1020.0,-1794.6400000000006,-774.6399999999988,Health & Fitness,original,2
2021-03-31,0.0,-1343.33,-1343.33,,0.0,-1963.143333333334,-1963.1433333333323,Health & Fitness,original,2
2021-04-02,0.0,-3966.96,-3966.96,,0.0,-2601.713333333334,-2601.713333333332,Entertainment,original,0
2021-04-08,0.0,-4441.35,-4441.35,,0.0,-3250.5466666666675,-3250.5466666666653,Food & Drink,original,1
2021-04-10,0.0,-1911.48,-1911.48,,0.0,-3439.9300000000007,-3439.9299999999985,Travel,original,8
2021-04-12,0.0,-1889.5,-1889.5,,0.0,-2747.443333333334,-2747.4433333333322,Shopping,original,7
2021-04-18,1168.0,-3436.08,-2268.08,-1.941849315068493,389.3333333333333,-2412.353333333334,-2023.0199999999986,Food & Drink,original,1
2021-04-20,0.0,-976.47,-976.47,,389.3333333333333,-2100.683333333334,-1711.3499999999988,Shopping,original,7
2021-04-22,0.0,-1304.51,-1304.51,,389.3333333333333,-1905.6866666666672,-1516.3533333333319,Health & Fitness,original,2
2021-04-24,0.0,-1058.6,-1058.6,,0.0,-1113.1933333333338,-1113.193333333332,Salary,original,6
2021-04-26,0.0,-2744.05,-2744.05,,0.0,-1702.3866666666672,-1702.3866666666654,Entertainment,original,0
2021-04-30,0.0,-25.38,-25.38,,0.0,-1276.0100000000007,-1276.0099999999989,Rent,original,5
2021-05-02,0.0,-267.08,-267.08,,0.0,-1012.1700000000006,-1012.1699999999988,Utilities,original,9
2021-05-04,0.0,-1158.95,-1158.95,,0.0,-483.80333333333397,-483.80333333333215,Entertainment,original,0
2021-05-06,0.0,-4841.59,-4841.59,,0.0,-2089.2066666666674,-2089.2066666666656,Rent,original,5
2021-05-10,0.0,-2667.01,-2667.01,,0.0,-2889.1833333333343,-2889.183333333332,Entertainment,original,0
2021-05-12,0.0,-797.58,-797.58,,0.0,-2768.7266666666674,-2768.7266666666656,Rent,original,5
2021-05-14,3362.0,-1476.79,1885.21,0.5607406305770375,1120.6666666666667,-1647.1266666666672,-526.4599999999988,Health & Fitness,original,2
2021-05-16,0.0,-480.18,-480.18,,1120.6666666666667,-918.1833333333338,202.48333333333457,Utilities,original,9
2021-05-18,1921.0,0.0,1921.0,1.0,1761.0,-652.323333333334,1108.6766666666679,Investment,original,3
2021-05-22,0.0,-1295.79,-1295.79,,640.3333333333334,-591.9900000000006,48.34333333333461,Rent,original,5
2021-05-24,0.0,-6594.74,-6594.74,,640.3333333333334,-2630.176666666667,-1989.843333333332,Health & Fitness,original,2
2021-05-26,0.0,-247.53,-247.53,,0.0,-2712.686666666667,-2712.686666666665,Salary,original,6
2021-05-28,0.0,-1233.87,-1233.87,,0.0,-2692.046666666667,-2692.0466666666653,Rent,original,5
2021-05-30,0.0,-2719.67,-2719.67,,0.0,-1400.3566666666673,-1400.3566666666654,Entertainment,original,0
2021-06-01,0.0,-3880.8199999999997,-3880.8199999999997,,0.0,-2611.4533333333334,-2611.4533333333316,Health & Fitness,original,2
2021-06-03,820.0,0.0,820.0,1.0,273.3333333333333,-2200.163333333334,-1926.8299999999988,Investment,original,3
2021-06-05,0.0,-3539.67,-3539.67,,273.3333333333333,-2473.4966666666674,-2200.163333333332,Salary,original,6
2021-06-09,0.0,-1580.56,-1580.56,,273.3333333333333,-1706.7433333333338,-1433.4099999999987,Food & Drink,original,1
2021-06-11,0.0,-1241.5300000000002,-1241.5300000000002,,0.0,-2120.5866666666675,-2120.5866666666657,Rent,original,5
2021-06-13,0.0,-673.39,-673.39,,0.0,-1165.1600000000005,-1165.1599999999987,Utilities,original,9
2021-06-15,0.0,-2100.94,-2100.94,,0.0,-1338.6200000000006,-1338.6199999999988,Shopping,original,7
2021-06-19,0.0,-2254.31,-2254.31,,0.0,-1676.2133333333338,-1676.213333333332,Health & Fitness,original,2
2021-06-21,0.0,-1295.59,-1295.59,,0.0,-1883.6133333333337,-1883.6133333333319,Rent,original,5
2021-06-23,0.0,-736.3299999999999,-736.3299999999999,,0.0,-1428.7433333333338,-1428.743333333332,Entertainment,original,0
2021-06-25,0.0,-460.82,-460.82,,0.0,-830.9133333333338,-830.9133333333319,Entertainment,original,0
2021-06-27,4779.0,-3546.06,1232.94,0.2579912115505336,1593.0,-1581.0700000000004,11.930000000001428,Investment,original,3
2021-06-29,0.0,-827.61,-827.61,,1593.0,-1611.4966666666671,-18.496666666665266,Food & Drink,original,1
2021-07-03,0.0,-4224.06,-4224.06,,1593.0,-2865.910000000001,-1272.9099999999987,Salary,original,6
2021-07-05,4282.0,0.0,4282.0,1.0,1427.3333333333333,-1683.8900000000006,-256.5566666666655,Other,original,4
2021-07-07,0.0,-1010.78,-1010.78,,1427.3333333333333,-1744.9466666666674,-317.61333333333215,Shopping,original,7
2021-07-09,3540.0,-4808.57,-1268.5699999999997,-0.35835310734463266,2607.3333333333335,-1939.7833333333338,667.5500000000014,Utilities,original,9
2021-07-11,0.0,-3444.35,-3444.35,,1180.0,-3087.9,-1907.8999999999985,Rent,original,5
2021-07-13,0.0,-894.45,-894.45,,1180.0,-3049.1233333333334,-1869.123333333332,Entertainment,original,0
2021-07-15,730.0,0.0,730.0,1.0,243.33333333333334,-1446.2666666666673,-1202.9333333333323,Investment,original,3
2021-07-19,0.0,-1963.78,-1963.78,,243.33333333333334,-952.7433333333339,-709.4099999999986,Rent,original,5
2021-07-23,4174.0,-1443.0,2731.0,0.6542884523239099,1634.6666666666667,-1135.593333333334,499.0733333333347,Other,original,4
2021-07-27,0.0,-1102.12,-1102.12,,1391.3333333333333,-1502.9666666666672,-111.63333333333192,Utilities,original,9
2021-07-29,0.0,-231.26,-231.26,,1391.3333333333333,-925.4600000000006,465.87333333333476,Shopping,original,7
2021-08-02,0.0,-252.48,-252.48,,0.0,-528.6200000000006,-528.6199999999986,Travel,original,8
2021-08-06,1676.0,-1332.5,343.5,0.20495226730310262,558.6666666666666,-605.413333333334,-46.746666666665305,Salary,original,6
2021-08-08,0.0,-1616.22,-1616.22,,558.6666666666666,-1067.0666666666673,-508.39999999999867,Food & Drink,original,1
2021-08-10,0.0,-144.68,-144.68,,558.6666666666666,-1031.133333333334,-472.46666666666533,Health & Fitness,original,2
2021-08-12,0.0,-2749.27,-2749.27,,0.0,-1503.3900000000006,-1503.3899999999987,Food & Drink,original,1
2021-08-14,0.0,-720.62,-720.62,,0.0,-1204.8566666666673,-1204.8566666666652,Food & Drink,original,1
2021-08-16,1349.0,0.0,1349.0,1.0,449.6666666666667,-1156.6300000000006,-706.9633333333319,Investment,original,3
2021-08-18,0.0,-275.49,-275.49,,449.6666666666667,-332.03666666666726,117.6300000000014,Health & Fitness,original,2
2021-08-20,4420.0,-1764.45,2655.55,0.6008031674208145,1923.0,-679.9800000000006,1243.0200000000016,Health & Fitness,original,2
2021-08-22,0.0,-1856.32,-1856.32,,1473.3333333333333,-1298.753333333334,174.58000000000152,Entertainment,original,0
2021-08-24,0.0,-1549.6999999999998,-1549.6999999999998,,1473.3333333333333,-1723.4900000000007,-250.15666666666507,Salary,original,6
2021-08-26,0.0,-579.36,-579.36,,0.0,-1328.4600000000005,-1328.4599999999984,Entertainment,original,0
2021-08-28,0.0,-1732.94,-1732.94,,0.0,-1287.3333333333337,-1287.333333333332,Food & Drink,original,1
2021-09-05,0.0,-3089.87,-3089.87,,0.0,-1800.723333333334,-1800.7233333333318,Rent,original,5
2021-09-09,3509.0,-3155.87,353.1300000000001,0.10063550869193505,1169.6666666666667,-2659.5600000000004,-1489.8933333333318,Other,original,4
2021-09-11,0.0,-3676.85,-3676.85,,1169.6666666666667,-3307.5300000000007,-2137.863333333332,Salary,original,6
2021-09-15,4063.0,-1190.37,2872.63,0.7070219049963081,2524.0,-2674.363333333334,-150.36333333333187,Food & Drink,original,1
2021-09-17,785.0,-1906.05,-1121.05,-1.4280891719745223,1616.0,-2257.756666666667,-641.7566666666652,Other,original,4
2021-09-19,3500.0,-3534.8100000000004,-34.8100000000004,-0.0099457142857144,2782.6666666666665,-2210.4100000000003,572.2566666666679,Food & Drink,original,1
2021-09-21,4588.0,0.0,4588.0,1.0,2957.6666666666665,-1813.6200000000008,1144.046666666668,Investment,original,3
2021-09-27,0.0,-530.94,-530.94,,2696.0,-1355.2500000000007,1340.7500000000014,Rent,original,5
2021-10-01,0.0,-437.0,-437.0,,1529.3333333333333,-322.64666666666716,1206.686666666668,Salary,original,6
2021-10-07,4203.0,-408.35,3794.65,0.9028432072329289,1401.0,-458.7633333333338,942.236666666668,Investment,original,3
2021-10-13,1219.0,-3122.75,-1903.75,-1.5617309269893356,1807.3333333333333,-1322.7000000000005,484.63333333333475,Health & Fitness,original,2
2021-10-15,0.0,-1589.46,-1589.46,,1807.3333333333333,-1706.8533333333337,100.48000000000138,Utilities,original,9
2021-10-19,0.0,-1970.41,-1970.41,,406.3333333333333,-2227.5400000000004,-1821.2066666666653,Rent,original,5
2021-10-21,4328.0,-1582.84,2745.16,0.6342791127541589,1442.6666666666667,-1714.236666666667,-271.5699999999988,Entertainment,original,0
2021-10-23,3761.0,-1227.78,2533.2200000000003,0.6735495878755651,2696.3333333333335,-1593.6766666666672,1102.656666666668,Other,original,4
2021-10-27,0.0,-1315.5300000000002,-1315.5300000000002,,2696.3333333333335,-1375.383333333334,1320.9500000000012,Rent,original,5
2021-10-29,0.0,-905.45,-905.45,,1253.6666666666667,-1149.5866666666673,104.08000000000122,Rent,original,5
2021-11-02,0.0,-265.39,-265.39,,0.0,-828.7900000000004,-828.7899999999989,Health & Fitness,original,2
2021-11-04,1517.0,-1875.5600000000002,-358.5600000000002,-0.23636123928806868,505.6666666666667,-1015.4666666666672,-509.799999999999,Investment,original,3
2021-11-06,0.0,-2392.0,-2392.0,,505.6666666666667,-1510.9833333333338,-1005.3166666666657,Entertainment,original,0
2021-11-10,0.0,-259.09,-259.09,,505.6666666666667,-1508.883333333334,-1003.2166666666658,Travel,original,8
2021-11-14,0.0,-1010.12,-1010.12,,0.0,-1220.4033333333339,-1220.4033333333323,Rent,original,5
2021-11-16,1902.0,-1686.63,215.3699999999999,0.11323343848580436,634.0,-985.2800000000005,-351.279999999999,Health & Fitness,original,2
2021-11-18,0.0,-2717.42,-2717.42,,634.0,-1804.723333333334,-1170.7233333333324,Food & Drink,original,1
2021-11-20,4768.0,-601.89,4166.11,0.8737646812080536,2223.3333333333335,-1668.6466666666672,554.6866666666674,Investment,original,3
2021-11-22,0.0,-934.24,-934.24,,1589.3333333333333,-1417.8500000000004,171.48333333333417,Salary,original,6
2021-11-26,0.0,-2583.0299999999997,-2583.0299999999997,,1589.3333333333333,-1373.053333333334,216.28000000000097,Health & Fitness,original,2
2021-11-28,4718.0,0.0,4718.0,1.0,1572.6666666666667,-1172.4233333333339,400.2433333333344,Other,original,4
2021-11-30,0.0,-491.06,-491.06,,1572.6666666666667,-1024.696666666667,547.970000000001,Health & Fitness,original,2
2021-12-02,5407.0,-504.06,4902.94,0.9067764009617162,3375.0,-331.7066666666671,3043.2933333333335,Investment,original,3
2021-12-08,4585.0,-2016.59,2568.41,0.5601766630316248,3330.6666666666665,-1003.9033333333338,2326.763333333334,Health & Fitness,original,2
2021-12-10,0.0,-56.12,-56.12,,3330.6666666666665,-858.9233333333337,2471.7433333333342,Salary,original,6
2021-12-12,0.0,-2619.1800000000003,-2619.1800000000003,,1528.3333333333333,-1563.9633333333338,-35.6299999999992,Salary,original,6
2021-12-14,7526.0,0.0,7526.0,1.0,2508.6666666666665,-891.7666666666672,1616.9000000000008,Investment,original,3
2021-12-16,0.0,-100.03,-100.03,,2508.6666666666665,-906.403333333334,1602.2633333333342,Health & Fitness,original,2
2021-12-18,3469.0,0.0,3469.0,1.0,3665.0,-33.34333333333379,3631.6566666666677,Investment,original,3
2021-12-20,0.0,-2431.2,-2431.2,,1156.3333333333333,-843.7433333333338,312.5900000000009,Rent,original,5
2021-12-22,0.0,-266.04,-266.04,,1156.3333333333333,-899.0800000000004,257.25333333333424,Rent,original,5
2021-12-24,3277.0,0.0,3277.0,1.0,1092.3333333333333,-899.0800000000004,193.25333333333433,Other,original,4
2021-12-26,0.0,-1512.38,-1512.38,,1092.3333333333333,-592.8066666666672,499.52666666666755,Health & Fitness,original,2
2021-12-28,4596.0,0.0,4596.0,1.0,2624.3333333333335,-504.1266666666672,2120.2066666666674,Other,original,4
2021-12-30,1622.0,0.0,1622.0,1.0,2072.6666666666665,-504.1266666666672,1568.5400000000009,Investment,original,3
2022-01-01,0.0,-1043.47,-1043.47,,2072.6666666666665,-347.8233333333338,1724.8433333333342,Salary,original,6
2022-01-03,3186.0,-2945.28,240.7199999999998,0.07555555555555549,1602.6666666666667,-1329.583333333334,273.08333333333417,Health & Fitness,original,2
2022-01-05,0.0,-1914.6,-1914.6,,1062.0,-1967.7833333333338,-905.7833333333325,Food & Drink,original,1
2022-01-07,0.0,-1197.85,-1197.85,,1062.0,-2019.2433333333338,-957.2433333333324,Food & Drink,original,1
2022-01-09,0.0,-1445.59,-1445.59,,0.0,-1519.346666666667,-1519.3466666666657,Entertainment,original,0
2022-01-13,0.0,-2506.7,-2506.7,,0.0,-1716.7133333333338,-1716.7133333333325,Food & Drink,original,1
2022-01-15,0.0,-879.48,-879.48,,0.0,-1610.5900000000001,-1610.589999999999,Entertainment,original,0
2022-01-17,0.0,-3161.4,-3161.4,,0.0,-2182.526666666667,-2182.5266666666657,Food & Drink,original,1
2022-01-21,4975.0,-2630.63,2344.37,0.47123015075376884,1658.3333333333333,-2223.836666666667,-565.5033333333325,Health & Fitness,original,2
2022-01-23,2785.0,-1224.05,1560.95,0.5604847396768402,2586.6666666666665,-2338.6933333333336,247.97333333333418,Investment,original,3
2022-01-27,0.0,-1883.56,-1883.56,,2586.6666666666665,-1912.746666666667,673.9200000000009,Entertainment,original,0
2022-01-31,0.0,-1412.75,-1412.75,,928.3333333333334,-1506.7866666666669,-578.4533333333324,Travel,original,8
2022-02-02,0.0,-640.91,-640.91,,0.0,-1312.406666666667,-1312.4066666666656,Salary,original,6
2022-02-04,0.0,-2375.26,-2375.26,,0.0,-1476.306666666667,-1476.3066666666657,Shopping,original,7
2022-02-06,0.0,-1909.67,-1909.67,,0.0,-1641.946666666667,-1641.9466666666658,Health & Fitness,original,2
2022-02-08,0.0,-2290.17,-2290.17,,0.0,-2191.7000000000003,-2191.6999999999994,Travel,original,8
2022-02-10,3205.0,-3866.08,-661.0799999999999,-0.20626521060842432,1068.3333333333333,-2688.6400000000003,-1620.3066666666655,Entertainment,original,0
2022-02-14,0.0,-1365.57,-1365.57,,1068.3333333333333,-2507.2733333333335,-1438.939999999999,Rent,original,5
2022-02-16,6964.0,-2776.91,4187.09,0.6012478460654797,3389.6666666666665,-2669.52,720.1466666666678,Food & Drink,original,1
2022-02-18,4883.0,0.0,4883.0,1.0,3949.0,-1380.8266666666668,2568.1733333333345,Investment,original,3
2022-02-20,0.0,-1827.33,-1827.33,,3949.0,-1534.746666666667,2414.2533333333345,Food & Drink,original,1
2022-02-22,797.0,-1578.04,-781.04,-0.9799749058971141,1893.3333333333333,-1135.1233333333337,758.210000000001,Investment,original,3
2022-02-24,806.0,0.0,806.0,1.0,534.3333333333334,-1135.1233333333337,-600.789999999999,Other,original,4
2022-02-26,3244.0,0.0,3244.0,1.0,1615.6666666666667,-526.0133333333337,1089.6533333333343,Investment,original,3
2022-02-28,0.0,-1779.63,-1779.63,,1350.0,-593.2100000000004,756.7900000000009,Salary,original,6
2022-03-02,2735.0,0.0,2735.0,1.0,1993.0,-593.2100000000004,1399.7900000000009,Other,original,4
2022-03-04,5815.0,0.0,5815.0,1.0,2850.0,-593.2100000000004,2256.790000000001,Investment,original,3
2022-03-06,0.0,-1835.1,-1835.1,,2850.0,-611.7000000000003,2238.300000000001,Entertainment,original,0
2022-03-12,0.0,-1655.71,-1655.71,,1938.3333333333333,-1163.6033333333337,774.7300000000009,Shopping,original,7
2022-03-14,0.0,-807.66,-807.66,,0.0,-1432.8233333333337,-1432.8233333333326,Rent,original,5
2022-03-16,4411.0,-23.59,4387.41,0.994652006347767,1470.3333333333333,-828.986666666667,641.3466666666674,Entertainment,original,0
2022-03-18,0.0,-3989.91,-3989.91,,1470.3333333333333,-1607.0533333333335,-136.7199999999992,Travel,original,8
2022-03-20,0.0,-2155.67,-2155.67,,1470.3333333333333,-2056.3900000000003,-586.0566666666659,Food & Drink,original,1
2022-03-22,0.0,-3086.67,-3086.67,,0.0,-3077.4166666666665,-3077.416666666666,Travel,original,8
2022-03-24,0.0,-2354.66,-2354.66,,0.0,-2532.3333333333335,-2532.3333333333326,Health & Fitness,original,2
2022-03-26,0.0,-2581.8599999999997,-2581.8599999999997,,0.0,-2674.396666666667,-2674.396666666666,Entertainment,original,0
2022-03-28,4762.0,-6030.33,-1268.33,-0.2663439731205376,1587.3333333333333,-3655.616666666667,-2068.2833333333324,Entertainment,original,0
2022-03-30,3024.0,-1435.4,1588.6,0.5253306878306878,2595.3333333333335,-3349.1966666666667,-753.8633333333327,Shopping,original,7
2022-04-01,2879.0,-4165.25,-1286.25,-0.44676971170545327,3555.0,-3876.9933333333333,-321.9933333333327,Other,original,4
2022-04-03,0.0,-3220.77,-3220.77,,1967.6666666666667,-2940.4733333333334,-972.806666666666,Salary,original,6
2022-04-05,0.0,-1985.77,-1985.77,,959.6666666666666,-3123.9300000000003,-2164.263333333333,Utilities,original,9
2022-04-07,0.0,-1458.44,-1458.44,,0.0,-2221.6600000000003,-2221.6599999999994,Utilities,original,9
2022-04-09,0.0,-4832.24,-4832.24,,0.0,-2758.816666666667,-2758.8166666666657,Food & Drink,original,1
2022-04-15,763.0,0.0,763.0,1.0,254.33333333333334,-2096.8933333333334,-1842.5599999999993,Investment,original,3
2022-04-17,0.0,-1722.63,-1722.63,,254.33333333333334,-2184.956666666667,-1930.6233333333328,Food & Drink,original,1
2022-04-21,6576.0,-497.02,6078.98,0.9244190997566909,2446.3333333333335,-739.8833333333337,1706.4500000000005,Food & Drink,original,1
2022-04-23,0.0,-1922.2800000000002,-1922.2800000000002,,2192.0,-1380.6433333333337,811.356666666667,Entertainment,original,0
2022-04-29,0.0,-1640.6100000000001,-1640.6100000000001,,2192.0,-1353.3033333333337,838.6966666666668,Health & Fitness,original,2
2022-05-01,0.0,-2088.71,-2088.71,,0.0,-1883.866666666667,-1883.866666666666,Entertainment,original,0
2022-05-03,0.0,-103.3,-103.3,,0.0,-1277.5400000000004,-1277.5399999999997,Salary,original,6
2022-05-05,0.0,-3907.48,-3907.48,,0.0,-2033.1633333333339,-2033.163333333333,Shopping,original,7
2022-05-07,2588.0,-5403.03,-2815.0299999999997,-1.0877241112828437,862.6666666666666,-3137.936666666667,-2275.2699999999995,Entertainment,original,0
2022-05-09,0.0,-1620.15,-1620.15,,862.6666666666666,-3643.5533333333337,-2780.886666666666,Food & Drink,original,1
2022-05-11,0.0,-1748.5,-1748.5,,862.6666666666666,-2923.8933333333334,-2061.226666666666,Food & Drink,original,1
2022-05-13,4427.0,-2488.29,1938.71,0.4379286198328439,1475.6666666666667,-1952.3133333333335,-476.64666666666625,Entertainment,original,0
2022-05-19,0.0,-5489.21,-5489.21,,1475.6666666666667,-3242.0000000000005,-1766.3333333333328,Entertainment,original,0
2022-05-21,0.0,-623.76,-623.76,,1475.6666666666667,-2867.0866666666675,-1391.4199999999998,Health & Fitness,original,2
2022-05-23,0.0,-3210.69,-3210.69,,0.0,-3107.8866666666668,-3107.8866666666668,Salary,original,6
2022-05-25,0.0,-1485.09,-1485.09,,0.0,-1773.1800000000005,-1773.1799999999996,Entertainment,original,0
2022-05-27,5302.0,0.0,5302.0,1.0,1767.3333333333333,-1565.2600000000004,202.07333333333372,Other,original,4
2022-05-29,0.0,-2799.58,-2799.58,,1767.3333333333333,-1428.223333333334,339.1100000000003,Health & Fitness,original,2
2022-05-31,0.0,-3319.83,-3319.83,,1767.3333333333333,-2039.803333333334,-272.46999999999963,Food & Drink,original,1
2022-06-04,0.0,-975.92,-975.92,,0.0,-2365.1100000000006,-2365.1099999999997,Entertainment,original,0
2022-06-06,4642.0,-2561.4700000000003,2080.5299999999997,0.448196897888841,1547.3333333333333,-2285.7400000000007,-738.4066666666664,Food & Drink,original,1
2022-06-10,5485.0,0.0,5485.0,1.0,3375.6666666666665,-1179.1300000000008,2196.536666666667,Other,original,4
2022-06-12,0.0,-4852.54,-4852.54,,3375.6666666666665,-2471.3366666666675,904.3300000000003,Entertainment,original,0
2022-06-16,0.0,-2460.98,-2460.98,,1828.3333333333333,-2437.8400000000006,-609.5066666666663,Health & Fitness,original,2
2022-06-18,0.0,-3291.49,-3291.49,,0.0,-3535.003333333334,-3535.0033333333326,Entertainment,original,0
2022-06-20,1177.0,-317.74,859.26,0.7300424808836024,392.3333333333333,-2023.4033333333339,-1631.0699999999995,Food & Drink,original,1
2022-06-22,0.0,-3084.0,-3084.0,,392.3333333333333,-2231.0766666666673,-1838.7433333333327,Rent,original,5
2022-06-24,0.0,-980.2,-980.2,,392.3333333333333,-1460.6466666666674,-1068.3133333333328,Entertainment,original,0
2022-06-26,0.0,-2166.55,-2166.55,,0.0,-2076.9166666666674,-2076.9166666666665,Food & Drink,original,1
2022-06-30,0.0,-3781.7799999999997,-3781.7799999999997,,0.0,-2309.5100000000007,-2309.5099999999998,Food & Drink,original,1
2022-07-02,0.0,-1137.72,-1137.72,,0.0,-2362.016666666668,-2362.0166666666664,Entertainment,original,0
2022-07-04,0.0,-2672.6,-2672.6,,0.0,-2530.7000000000007,-2530.6999999999994,Rent,original,5
2022-07-06,0.0,-1938.15,-1938.15,,0.0,-1916.1566666666677,-1916.1566666666665,Shopping,original,7
2022-07-12,0.0,-1569.26,-1569.26,,0.0,-2060.003333333334,-2060.0033333333326,Travel,original,8
2022-07-16,0.0,-1278.21,-1278.21,,0.0,-1595.2066666666676,-1595.2066666666663,Shopping,original,7
2022-07-18,3612.0,-2911.0,701.0,0.19407530454042082,1204.0,-1919.490000000001,-715.4899999999998,Entertainment,original,0
2022-07-20,0.0,-192.13,-192.13,,1204.0,-1460.4466666666674,-256.4466666666664,Rent,original,5
2022-07-22,0.0,-726.24,-726.24,,1204.0,-1276.4566666666674,-72.45666666666637,Salary,original,6
2022-07-24,0.0,-183.72,-183.72,,0.0,-367.3633333333341,-367.363333333333,Utilities,original,9
2022-07-26,3157.0,-2258.77,898.23,0.28452011403230915,1052.3333333333333,-1056.243333333334,-3.909999999999703,Food & Drink,original,1
2022-07-28,4586.0,-1148.2,3437.8,0.7496293065852595,2581.0,-1196.8966666666674,1384.1033333333337,Other,original,4
2022-07-30,0.0,-1316.3600000000001,-1316.3600000000001,,2581.0,-1574.4433333333343,1006.5566666666672,Rent,original,5
2022-08-01,2520.0,-1191.67,1328.33,0.5271150793650793,2368.6666666666665,-1218.743333333334,1149.9233333333339,Other,original,4
2022-08-03,1609.0,-671.11,937.89,0.5829024238657551,1376.3333333333333,-1059.7133333333343,316.6200000000004,Investment,original,3
2022-08-05,0.0,-886.04,-886.04,,1376.3333333333333,-916.2733333333341,460.0600000000004,Health & Fitness,original,2
2022-08-07,0.0,-607.87,-607.87,,536.3333333333334,-721.6733333333341,-185.33999999999958,Utilities,original,9
2022-08-11,0.0,-963.23,-963.23,,0.0,-819.0466666666674,-819.0466666666662,Entertainment,original,0
2022-08-13,3114.0,0.0,3114.0,1.0,1038.0,-523.7000000000007,514.3000000000005,Other,original,4
2022-08-15,0.0,-4619.11,-4619.11,,1038.0,-1860.7800000000007,-822.7799999999994,Entertainment,original,0
2022-08-17,0.0,-2789.01,-2789.01,,1038.0,-2469.3733333333344,-1431.373333333333,Entertainment,original,0
2022-08-19,0.0,-1639.74,-1639.74,,0.0,-3015.9533333333343,-3015.953333333333,Rent,original,5
2022-08-21,2482.0,-3686.19,-1204.19,-0.48516921837228044,827.3333333333334,-2704.980000000001,-1877.6466666666663,Other,original,4
2022-08-23,0.0,-2165.24,-2165.24,,827.3333333333334,-2497.0566666666673,-1669.7233333333327,Shopping,original,7
2022-08-25,0.0,-1633.9,-1633.9,,827.3333333333334,-2495.1100000000006,-1667.776666666666,Health & Fitness,original,2
2022-08-27,0.0,-341.01,-341.01,,0.0,-1380.0500000000004,-1380.0499999999993,Health & Fitness,original,2
2022-08-29,0.0,-2154.78,-2154.78,,0.0,-1376.5633333333342,-1376.5633333333328,Shopping,original,7
2022-08-31,4683.0,-1593.5900000000001,3089.41,0.6597074524877216,1561.0,-1363.1266666666675,197.87333333333376,Entertainment,original,0
2022-09-02,2920.0,-1991.17,928.8299999999999,0.31809246575342465,2534.3333333333335,-1913.180000000001,621.1533333333338,Entertainment,original,0
2022-09-04,685.0,-1025.63,-340.6300000000001,-0.4972700729927009,2762.6666666666665,-1536.7966666666673,1225.8700000000006,Health & Fitness,original,2
2022-09-06,4727.0,-1357.51,3369.49,0.7128178548762428,2777.3333333333335,-1458.1033333333341,1319.2300000000002,Investment,original,3
2022-09-08,3211.0,0.0,3211.0,1.0,2874.3333333333335,-794.3800000000007,2079.9533333333334,Investment,original,3
2022-09-10,0.0,-920.39,-920.39,,2646.0,-759.3000000000006,1886.7000000000005,Salary,original,6
2022-09-12,0.0,-904.65,-904.65,,1070.3333333333333,-608.3466666666673,461.98666666666713,Entertainment,original,0
2022-09-14,0.0,-3309.27,-3309.27,,0.0,-1711.4366666666672,-1711.4366666666663,Food & Drink,original,1
2022-09-16,2649.0,0.0,2649.0,1.0,883.0,-1404.6400000000006,-521.6399999999994,Investment,original,3
2022-09-18,0.0,-2997.1000000000004,-2997.1000000000004,,883.0,-2102.1233333333344,-1219.123333333333,Health & Fitness,original,2
2022-09-20,0.0,-1629.34,-1629.34,,883.0,-1542.1466666666674,-659.1466666666663,Utilities,original,9
2022-09-22,0.0,-1838.18,-1838.18,,0.0,-2154.8733333333344,-2154.873333333333,Travel,original,8
2022-09-26,0.0,-1007.5,-1007.5,,0.0,-1491.673333333334,-1491.673333333333,Rent,original,5
2022-09-28,5831.0,-842.3,4988.7,0.8555479334590979,1943.6666666666667,-1229.326666666667,714.3400000000005,Investment,original,3
2022-09-30,0.0,-2114.7200000000003,-2114.7200000000003,,1943.6666666666667,-1321.5066666666673,622.1600000000003,Food & Drink,original,1
2022-10-02,0.0,-1105.8799999999999,-1105.8799999999999,,1943.6666666666667,-1354.3000000000004,589.366666666667,Salary,original,6
2022-10-04,2306.0,-1439.95,866.05,0.3755637467476149,768.6666666666666,-1553.516666666667,-784.8499999999995,Investment,original,3
2022-10-08,0.0,-1135.64,-1135.64,,768.6666666666666,-1227.156666666667,-458.4899999999995,Salary,original,6
2022-10-10,0.0,-1103.96,-1103.96,,768.6666666666666,-1226.516666666667,-457.8499999999995,Salary,original,6
2022-10-12,2694.0,-2185.91,508.09000000000015,0.18860059391239797,898.0,-1475.1700000000003,-577.1699999999995,Health & Fitness,original,2
2022-10-18,0.0,-2077.06,-2077.06,,898.0,-1788.9766666666667,-890.9766666666661,Entertainment,original,0
2022-10-20,0.0,-1416.75,-1416.75,,898.0,-1893.2400000000005,-995.2399999999993,Rent,original,5
2022-10-22,0.0,-2151.15,-2151.15,,0.0,-1881.6533333333336,-1881.6533333333327,Entertainment,original,0
2022-10-24,0.0,-340.3,-340.3,,0.0,-1302.7333333333338,-1302.733333333333,Shopping,original,7
2022-10-28,2195.0,0.0,2195.0,1.0,731.6666666666666,-830.4833333333337,-98.81666666666615,Investment,original,3
2022-10-30,0.0,-1723.31,-1723.31,,731.6666666666666,-687.8700000000002,43.79666666666723,Health & Fitness,original,2
2022-11-03,0.0,-1429.56,-1429.56,,731.6666666666666,-1050.956666666667,-319.28999999999945,Rent,original,5
2022-11-05,0.0,-1838.35,-1838.35,,0.0,-1663.7400000000005,-1663.739999999999,Shopping,original,7
2022-11-07,3138.0,-1405.84,1732.16,0.5519949012109624,1046.0,-1557.916666666667,-511.916666666666,Investment,original,3
2022-11-09,0.0,-2243.37,-2243.37,,1046.0,-1829.1866666666672,-783.1866666666659,Shopping,original,7
2022-11-13,0.0,-2997.4300000000003,-2997.4300000000003,,1046.0,-2215.546666666667,-1169.546666666666,Rent,original,5
2022-11-15,0.0,-1739.13,-1739.13,,0.0,-2326.643333333334,-2326.643333333333,Food & Drink,original,1
2022-11-17,0.0,-3609.74,-3609.74,,0.0,-2782.1000000000004,-2782.1,Health & Fitness,original,2
2022-11-19,0.0,-994.48,-994.48,,0.0,-2114.4500000000003,-2114.4499999999994,Entertainment,original,0
2022-11-21,0.0,-2260.85,-2260.85,,0.0,-2288.356666666667,-2288.356666666666,Salary,original,6
2022-11-25,0.0,-143.83,-143.83,,0.0,-1133.0533333333335,-1133.0533333333326,Food & Drink,original,1
2022-11-27,2157.0,-888.16,1268.8400000000001,0.588242929995364,719.0,-1097.6133333333337,-378.6133333333326,Other,original,4
2022-12-01,0.0,-1765.47,-1765.47,,719.0,-932.486666666667,-213.486666666666,Utilities,original,9
2022-12-03,0.0,-945.72,-945.72,,719.0,-1199.7833333333338,-480.7833333333327,Rent,original,5
2022-12-05,0.0,-977.23,-977.23,,0.0,-1229.4733333333336,-1229.4733333333327,Entertainment,original,0
2022-12-07,508.0,0.0,508.0,1.0,169.33333333333334,-640.9833333333337,-471.64999999999935,Investment,original,3
2022-12-11,0.0,-274.07,-274.07,,169.33333333333334,-417.1000000000003,-247.76666666666605,Rent,original,5
2022-12-13,0.0,-28.48,-28.48,,169.33333333333334,-100.8500000000003,68.48333333333399,Salary,original,6
2022-12-15,0.0,-2937.05,-2937.05,,0.0,-1079.866666666667,-1079.866666666666,Rent,original,5
2022-12-17,0.0,-1464.22,-1464.22,,0.0,-1476.5833333333337,-1476.5833333333328,Rent,original,5
2022-12-21,3511.0,0.0,3511.0,1.0,1170.3333333333333,-1467.0900000000004,-296.7566666666662,Other,original,4
2022-12-27,0.0,-771.61,-771.61,,1170.3333333333333,-745.276666666667,425.0566666666673,Utilities,original,9
2022-12-29,0.0,-1286.74,-1286.74,,1170.3333333333333,-686.1166666666671,484.21666666666744,Utilities,original,9
2022-12-31,0.0,-1065.71,-1065.71,,0.0,-1041.3533333333337,-1041.3533333333326,Rent,original,5
2023-01-02,4105.0,0.0,4105.0,1.0,1368.3333333333333,-784.1500000000002,584.1833333333342,Investment,original,3
2023-01-04,4124.0,-1259.88,2864.12,0.6945004849660523,2743.0,-775.196666666667,1967.803333333334,Entertainment,original,0
2023-01-06,0.0,-1794.22,-1794.22,,2743.0,-1018.0333333333338,1724.9666666666674,Rent,original,5
2023-01-08,3645.0,0.0,3645.0,1.0,2589.6666666666665,-1018.0333333333338,1571.6333333333341,Investment,original,3
2023-01-10,1190.0,-635.86,554.14,0.46566386554621847,1611.6666666666667,-810.0266666666671,801.6400000000008,Other,original,4
2023-01-12,0.0,-1560.15,-1560.15,,1611.6666666666667,-732.0033333333337,879.663333333334,Travel,original,8
2023-01-14,0.0,-418.84,-418.84,,396.6666666666667,-871.6166666666671,-474.9499999999993,Travel,original,8
2023-01-16,0.0,-3067.98,-3067.98,,0.0,-1682.3233333333337,-1682.3233333333326,Entertainment,original,0
2023-01-18,1081.0,-6395.07,-5314.07,-4.915883441258094,360.3333333333333,-3293.9633333333336,-2933.629999999999,Entertainment,original,0
2023-01-20,826.0,-2197.0099999999998,-1371.0099999999998,-1.6598184019370457,635.6666666666666,-3886.686666666667,-3251.019999999999,Food & Drink,original,1
2023-01-22,3700.0,-3363.95,336.0500000000002,0.09082432432432437,1869.0,-3985.3433333333337,-2116.3433333333323,Entertainment,original,0
2023-01-24,1450.0,-2303.94,-853.94,-0.5889241379310345,1992.0,-2621.6333333333337,-629.6333333333326,Food & Drink,original,1
2023-01-26,1467.0,-1209.94,257.05999999999995,0.17522835719154733,2205.6666666666665,-2292.6100000000006,-86.9433333333327,Food & Drink,original,1
2023-01-28,0.0,-2324.6,-2324.6,,972.3333333333334,-1946.1600000000005,-973.826666666666,Food & Drink,original,1
2023-01-30,4364.0,-2183.31,2180.69,0.4996998166819432,1943.6666666666667,-1905.9500000000007,37.7166666666673,Food & Drink,original,1
2023-02-01,0.0,-1476.33,-1476.33,,1454.6666666666667,-1994.7466666666671,-540.0799999999994,Food & Drink,original,1
2023-02-03,0.0,-456.79,-456.79,,1454.6666666666667,-1372.143333333334,82.52333333333398,Shopping,original,7
2023-02-05,0.0,-549.8,-549.8,,0.0,-827.6400000000007,-827.6399999999994,Health & Fitness,original,2
2023-02-07,4290.0,-2275.52,2014.48,0.4695757575757576,1430.0,-1094.036666666667,335.963333333334,Food & Drink,original,1
2023-02-09,0.0,-661.33,-661.33,,1430.0,-1162.2166666666672,267.7833333333339,Travel,original,8
2023-02-11,0.0,-744.15,-744.15,,1430.0,-1227.0000000000005,203.00000000000065,Food & Drink,original,1
2023-02-13,0.0,-1481.76,-1481.76,,0.0,-962.4133333333339,-962.4133333333326,Travel,original,8
2023-02-15,0.0,-2655.06,-2655.06,,0.0,-1626.9900000000007,-1626.9899999999996,Entertainment,original,0
2023-02-17,0.0,-309.63,-309.63,,0.0,-1482.1500000000005,-1482.1499999999994,Entertainment,original,0
2023-02-19,0.0,-2376.14,-2376.14,,0.0,-1780.2766666666673,-1780.276666666666,Food & Drink,original,1
2023-02-21,6958.0,0.0,6958.0,1.0,2319.3333333333335,-895.2566666666672,1424.0766666666675,Investment,original,3
2023-02-23,0.0,-1945.39,-1945.39,,2319.3333333333335,-1440.5100000000004,878.8233333333341,Food & Drink,original,1
2023-02-25,6019.0,-922.33,5096.67,0.8467635819903638,4325.666666666667,-955.9066666666673,3369.7600000000007,Health & Fitness,original,2
2023-02-27,0.0,-1015.8,-1015.8,,2006.3333333333333,-1294.5066666666673,711.8266666666674,Rent,original,5
2023-03-03,0.0,-1487.17,-1487.17,,2006.3333333333333,-1141.7666666666673,864.5666666666675,Shopping,original,7
2023-03-05,2638.0,-2315.4300000000003,322.5699999999997,0.12227824109173606,879.3333333333334,-1606.1333333333341,-726.7999999999993,Health & Fitness,original,2
2023-03-07,3072.0,-3461.81,-389.80999999999995,-0.12689127604166664,1903.3333333333333,-2421.4700000000007,-518.1366666666659,Entertainment,original,0
2023-03-09,0.0,-761.54,-761.54,,1903.3333333333333,-2179.593333333334,-276.25999999999914,Food & Drink,original,1
2023-03-11,0.0,-191.51,-191.51,,1024.0,-1471.6200000000006,-447.61999999999904,Utilities,original,9
2023-03-13,2631.0,-870.38,1760.62,0.6691828202204485,877.0,-607.8100000000005,269.1900000000009,Health & Fitness,original,2
2023-03-15,1570.0,-2297.5099999999998,-727.5099999999998,-0.4633821656050954,1400.3333333333333,-1119.8000000000004,280.53333333333427,Investment,original,3
2023-03-17,3549.0,-1168.82,2380.1800000000003,0.6706621583544661,2583.3333333333335,-1445.5700000000004,1137.7633333333345,Other,original,4
2023-03-21,1555.0,-53.38,1501.62,0.9656720257234725,2224.6666666666665,-1173.2366666666671,1051.430000000001,Other,original,4
2023-03-23,6152.0,-1369.59,4782.41,0.7773748374512354,3752.0,-863.9300000000006,2888.070000000001,Other,original,4
2023-03-27,2033.0,0.0,2033.0,1.0,3246.6666666666665,-474.32333333333395,2772.343333333334,Investment,original,3
2023-03-29,2917.0,-1768.01,1148.99,0.39389441206719233,3700.6666666666665,-1045.8666666666672,2654.8000000000006,Investment,original,3
2023-03-31,0.0,-4219.74,-4219.74,,1650.0,-1995.9166666666672,-345.9166666666658,Entertainment,original,0
2023-04-04,0.0,-964.57,-964.57,,972.3333333333334,-2317.4400000000005,-1345.106666666666,Health & Fitness,original,2
2023-04-06,0.0,-1826.23,-1826.23,,0.0,-2336.8466666666673,-2336.846666666666,Health & Fitness,original,2
2023-04-08,740.0,-548.17,191.83000000000004,0.2592297297297298,246.66666666666666,-1112.9900000000007,-866.3233333333327,Investment,original,3
2023-04-10,0.0,-1662.62,-1662.62,,246.66666666666666,-1345.6733333333339,-1099.006666666666,Health & Fitness,original,2
2023-04-12,0.0,-209.27,-209.27,,246.66666666666666,-806.6866666666673,-560.0199999999992,Utilities,original,9
2023-04-14,0.0,-1072.04,-1072.04,,0.0,-981.3100000000005,-981.3099999999991,Travel,original,8
2023-04-16,0.0,-1530.46,-1530.46,,0.0,-937.2566666666672,-937.2566666666659,Food & Drink,original,1
2023-04-20,0.0,-2905.3199999999997,-2905.3199999999997,,0.0,-1835.9400000000005,-1835.9399999999994,Health & Fitness,original,2
2023-04-22,1664.0,-2763.8599999999997,-1099.8599999999997,-0.6609735576923075,554.6666666666666,-2399.8800000000006,-1845.2133333333325,Entertainment,original,0
2023-04-24,1902.0,0.0,1902.0,1.0,1188.6666666666667,-1889.7266666666671,-701.059999999999,Investment,original,3
2023-05-02,987.0,-1358.26,-371.26,-0.3761499493414387,1517.6666666666667,-1374.0400000000006,143.62666666666755,Food & Drink,original,1
2023-05-04,1408.0,-3097.6800000000003,-1689.6800000000003,-1.2000568181818183,1432.3333333333333,-1485.3133333333342,-52.979999999999336,Health & Fitness,original,2
2023-05-06,0.0,-281.54,-281.54,,798.3333333333334,-1579.1600000000008,-780.8266666666659,Health & Fitness,original,2
2023-05-12,4491.0,0.0,4491.0,1.0,1966.3333333333333,-1126.4066666666674,839.9266666666673,Other,original,4
2023-05-14,0.0,-4600.9400000000005,-4600.9400000000005,,1497.0,-1627.493333333334,-130.49333333333257,Utilities,original,9
2023-05-16,0.0,-1655.24,-1655.24,,1497.0,-2085.393333333334,-588.3933333333327,Entertainment,original,0
2023-05-18,1652.0,-483.61,1168.3899999999999,0.7072578692493946,550.6666666666666,-2246.5966666666677,-1695.9299999999996,Other,original,4
2023-05-20,0.0,-3564.2200000000003,-3564.2200000000003,,550.6666666666666,-1901.0233333333338,-1350.3566666666661,Entertainment,original,0
2023-05-22,3937.0,-2434.85,1502.15,0.3815468630937262,1863.0,-2160.893333333334,-297.8933333333327,Other,original,4
2023-05-24,0.0,-211.84,-211.84,,1312.3333333333333,-2070.3033333333337,-757.9699999999993,Shopping,original,7
2023-05-28,4272.0,-333.69,3938.31,0.9218890449438202,2736.3333333333335,-993.4600000000006,1742.8733333333341,Entertainment,original,0
2023-05-30,3575.0,0.0,3575.0,1.0,2615.6666666666665,-181.84333333333393,2433.823333333334,Investment,original,3
2023-06-01,4981.0,0.0,4981.0,1.0,4276.0,-111.23000000000059,4164.77,Investment,original,3
2023-06-03,0.0,-2094.48,-2094.48,,2852.0,-698.1600000000007,2153.8400000000006,Rent,original,5
2023-06-05,0.0,-1218.56,-1218.56,,1660.3333333333333,-1104.3466666666673,555.9866666666675,Utilities,original,9
2023-06-07,0.0,-1035.97,-1035.97,,0.0,-1449.6700000000008,-1449.6699999999992,Entertainment,original,0
2023-06-09,0.0,-1933.3799999999999,-1933.3799999999999,,0.0,-1395.9700000000005,-1395.9699999999993,Rent,original,5
2023-06-13,0.0,-407.35,-407.35,,0.0,-1125.5666666666673,-1125.566666666666,Salary,original,6
2023-06-15,2890.0,-2636.2799999999997,253.72000000000025,0.08779238754325268,963.3333333333334,-1659.0033333333338,-695.6699999999992,Investment,original,3
2023-06-17,0.0,-939.69,-939.69,,963.3333333333334,-1327.7733333333338,-364.43999999999915,Travel,original,8
2023-06-19,0.0,-897.09,-897.09,,963.3333333333334,-1491.0200000000004,-527.6866666666659,Utilities,original,9
2023-06-21,0.0,-1025.48,-1025.48,,0.0,-954.0866666666674,-954.086666666666,Food & Drink,original,1
2023-06-23,0.0,-1941.7,-1941.7,,0.0,-1288.0900000000008,-1288.0899999999992,Shopping,original,7
2023-06-25,0.0,-4931.61,-4931.61,,0.0,-2632.9300000000007,-2632.929999999999,Food & Drink,original,1
2023-06-29,0.0,-1009.18,-1009.18,,0.0,-2627.4966666666674,-2627.496666666666,Food & Drink,original,1
2023-07-01,0.0,-2147.9900000000002,-2147.9900000000002,,0.0,-2696.2600000000007,-2696.259999999999,Utilities,original,9
2023-07-05,3219.0,-411.82,2807.18,0.8720658589624106,1073.0,-1189.663333333334,-116.6633333333325,Investment,original,3
2023-07-07,0.0,-1853.0600000000002,-1853.0600000000002,,1073.0,-1470.9566666666676,-397.95666666666585,Rent,original,5
2023-07-09,1365.0,-3523.83,-2158.83,-1.5815604395604395,1528.0,-1929.5700000000006,-401.5699999999991,Food & Drink,original,1
2023-07-11,0.0,-1573.63,-1573.63,,455.0,-2316.8400000000006,-1861.839999999999,Rent,original,5
2023-07-13,0.0,-1757.01,-1757.01,,455.0,-2284.823333333334,-1829.8233333333321,Health & Fitness,original,2
2023-07-15,3517.0,-3772.87,-255.8699999999999,-0.07275234574921806,1172.3333333333333,-2367.8366666666675,-1195.5033333333322,Other,original,4
2023-07-17,0.0,-2513.16,-2513.16,,1172.3333333333333,-2681.013333333334,-1508.6799999999987,Rent,original,5
2023-07-19,0.0,-2878.84,-2878.84,,1172.3333333333333,-3054.9566666666674,-1882.623333333332,Health & Fitness,original,2
2023-07-21,0.0,-1484.48,-1484.48,,0.0,-2292.1600000000003,-2292.1599999999985,Shopping,original,7
2023-07-23,0.0,-1643.82,-1643.82,,0.0,-2002.3800000000008,-2002.379999999999,Health & Fitness,original,2
2023-07-25,0.0,-420.52,-420.52,,0.0,-1182.9400000000005,-1182.9399999999987,Shopping,original,7
2023-07-27,0.0,-2031.32,-2031.32,,0.0,-1365.2200000000005,-1365.2199999999987,Entertainment,original,0
2023-07-29,0.0,-110.61,-110.61,,0.0,-854.1500000000007,-854.1499999999988,Salary,original,6
2023-07-31,0.0,-555.22,-555.22,,0.0,-899.0500000000006,-899.0499999999988,Entertainment,original,0
2023-08-04,2481.0,-1274.47,1206.53,0.48630794034663444,827.0,-646.7666666666673,180.23333333333449,Investment,original,3
2023-08-06,0.0,-1058.4499999999998,-1058.4499999999998,,827.0,-962.713333333334,-135.71333333333212,Health & Fitness,original,2
2023-08-08,0.0,-1565.06,-1565.06,,827.0,-1299.326666666667,-472.32666666666546,Travel,original,8
2023-08-10,2313.0,-2276.09,36.909999999999854,0.015957630782533445,771.0,-1633.2000000000007,-862.1999999999989,Entertainment,original,0
2023-08-16,569.0,-2381.8,-1812.8000000000002,-3.1859402460456945,960.6666666666666,-2074.3166666666675,-1113.649999999999,Food & Drink,original,1
2023-08-20,0.0,-853.38,-853.38,,960.6666666666666,-1837.0900000000008,-876.4233333333323,Travel,original,8
2023-08-22,0.0,-2281.0299999999997,-2281.0299999999997,,189.66666666666666,-1838.7366666666674,-1649.0699999999988,Health & Fitness,original,2
2023-08-24,0.0,-1173.13,-1173.13,,0.0,-1435.8466666666673,-1435.8466666666654,Shopping,original,7
2023-08-26,2815.0,0.0,2815.0,1.0,938.3333333333334,-1151.3866666666672,-213.05333333333206,Other,original,4
2023-08-30,0.0,-3953.96,-3953.96,,938.3333333333334,-1709.0300000000007,-770.6966666666655,Travel,original,8
2023-09-01,0.0,-3124.84,-3124.84,,938.3333333333334,-2359.600000000001,-1421.2666666666655,Entertainment,original,0
2023-09-03,0.0,-4992.12,-4992.12,,0.0,-4023.640000000001,-4023.639999999999,Food & Drink,original,1
2023-09-07,0.0,-1813.99,-1813.99,,0.0,-3310.3166666666675,-3310.3166666666657,Salary,original,6
2023-09-09,0.0,-1692.38,-1692.38,,0.0,-2832.8300000000004,-2832.8299999999986,Travel,original,8
2023-09-11,0.0,-4394.41,-4394.41,,0.0,-2633.5933333333337,-2633.593333333332,Utilities,original,9
2023-09-13,0.0,-3271.34,-3271.34,,0.0,-3119.376666666667,-3119.3766666666656,Rent,original,5
2023-09-15,3626.0,-2397.37,1228.63,0.3388389409817982,1208.6666666666667,-3354.3733333333344,-2145.7066666666656,Investment,original,3
2023-09-21,0.0,-2193.7799999999997,-2193.7799999999997,,1208.6666666666667,-2620.8300000000004,-1412.163333333332,Utilities,original,9
2023-09-23,2740.0,-1156.8,1583.2,0.5778102189781023,2122.0,-1915.9833333333338,206.01666666666802,Other,original,4
2023-09-27,1560.0,0.0,1560.0,1.0,1433.3333333333333,-1116.8600000000006,316.47333333333466,Investment,original,3
2023-09-29,0.0,-812.75,-812.75,,1433.3333333333333,-656.5166666666672,776.8166666666679,Shopping,original,7
2023-10-03,0.0,-1965.5800000000002,-1965.5800000000002,,520.0,-926.1100000000006,-406.10999999999893,Entertainment,original,0
2023-10-05,2353.0,-631.06,1721.94,0.7318062048448789,784.3333333333334,-1136.463333333334,-352.1299999999989,Health & Fitness,original,2
2023-10-07,4810.0,-1458.39,3351.6099999999997,0.6968004158004157,2387.6666666666665,-1351.6766666666674,1035.990000000001,Investment,original,3
2023-10-09,0.0,-1565.03,-1565.03,,2387.6666666666665,-1218.1600000000005,1169.5066666666678,Health & Fitness,original,2
2023-10-11,0.0,-1502.73,-1502.73,,1603.3333333333333,-1508.7166666666674,94.6166666666677,Health & Fitness,original,2
2023-10-13,2164.0,-430.27,1733.73,0.8011691312384474,721.3333333333334,-1166.0100000000004,-444.67666666666554,Investment,original,3
2023-10-15,661.0,-1948.54,-1287.54,-1.9478668683812406,941.6666666666666,-1293.8466666666673,-352.17999999999887,Food & Drink,original,1
2023-10-17,3914.0,-1099.09,2814.91,0.7191900868676545,2246.3333333333335,-1159.3000000000004,1087.0333333333344,Investment,original,3
2023-10-27,0.0,-1028.15,-1028.15,,1525.0,-1358.593333333334,166.40666666666766,Food & Drink,original,1
2023-10-29,2815.0,-2912.37,-97.36999999999989,-0.03458969804618113,2243.0,-1679.8700000000006,563.130000000001,Investment,original,3
2023-11-04,7231.0,0.0,7231.0,1.0,3348.6666666666665,-1313.5066666666671,2035.160000000001,Investment,original,3
2023-11-08,0.0,-3877.7699999999995,-3877.7699999999995,,3348.6666666666665,-2263.3800000000006,1085.2866666666678,Entertainment,original,0
2023-11-10,0.0,-3349.29,-3349.29,,2410.3333333333335,-2409.0200000000004,1.3133333333345643,Rent,original,5
2023-11-12,2393.0,0.0,2393.0,1.0,797.6666666666666,-2409.0200000000004,-1611.3533333333319,Other,original,4
2023-11-14,823.0,-2140.79,-1317.79,-1.6012029161603887,1072.0,-1830.0266666666673,-758.0266666666654,Health & Fitness,original,2
2023-11-16,0.0,-199.05,-199.05,,1072.0,-779.9466666666673,292.0533333333346,Rent,original,5
2023-11-18,0.0,-29.25,-29.25,,274.3333333333333,-789.6966666666673,-515.3633333333321,Food & Drink,original,1
2023-11-20,3192.0,-1910.63,1281.37,0.4014317042606516,1064.0,-712.9766666666674,351.0233333333345,Investment,original,3
2023-11-22,0.0,-3232.13,-3232.13,,1064.0,-1724.003333333334,-660.0033333333322,Rent,original,5
2023-11-26,0.0,-6235.3099999999995,-6235.3099999999995,,1064.0,-3792.6900000000005,-2728.6899999999987,Salary,original,6
2023-11-28,601.0,-1858.3000000000002,-1257.3000000000002,-2.092013311148087,200.33333333333334,-3775.2466666666674,-3574.9133333333316,Other,original,4
2023-12-04,0.0,-2999.02,-2999.02,,200.33333333333334,-3697.5433333333335,-3497.2099999999987,Entertainment,original,0
2023-12-06,0.0,-871.37,-871.37,,200.33333333333334,-1909.5633333333342,-1709.2299999999989,Rent,original,5
2023-12-08,0.0,-1037.03,-1037.03,,0.0,-1635.8066666666673,-1635.8066666666655,Food & Drink,original,1
2023-12-10,0.0,-3210.5699999999997,-3210.5699999999997,,0.0,-1706.3233333333337,-1706.323333333332,Rent,original,5
2023-12-12,0.0,-1940.59,-1940.59,,0.0,-2062.7300000000005,-2062.7299999999987,Health & Fitness,original,2
2023-12-14,3601.0,-166.87,3434.13,0.9536600944182172,1200.3333333333333,-1772.6766666666672,-572.343333333332,Entertainment,original,0
2023-12-18,0.0,-185.16,-185.16,,1200.3333333333333,-764.2066666666673,436.126666666668,Salary,original,6
2023-12-20,0.0,-460.49,-460.49,,1200.3333333333333,-270.8400000000006,929.4933333333347,Food & Drink,original,1
2023-12-22,0.0,-3434.88,-3434.88,,0.0,-1360.1766666666674,-1360.1766666666654,Food & Drink,original,1
2023-12-24,0.0,-1901.21,-1901.21,,0.0,-1932.1933333333338,-1932.193333333332,Salary,original,6
2023-12-26,0.0,-2759.71,-2759.71,,0.0,-2698.600000000001,-2698.599999999999,Food & Drink,original,1
2023-12-28,0.0,-1687.43,-1687.43,,0.0,-2116.1166666666672,-2116.1166666666654,Salary,original,6
2024-01-01,0.0,-1201.0,-1201.0,,0.0,-1882.7133333333338,-1882.713333333332,Rent,original,5
2024-01-03,5888.0,0.0,5888.0,1.0,1962.6666666666667,-962.8100000000007,999.8566666666679,Investment,original,3
2024-01-07,2266.0,0.0,2266.0,1.0,2718.0,-400.33333333333394,2317.666666666668,Other,original,4
2024-01-09,880.0,-2982.98,-2102.98,-2.38975,3011.3333333333335,-994.3266666666673,2017.006666666668,Entertainment,original,0
2024-01-11,4045.0,-5164.29,-1119.29,-0.2767095179233622,2397.0,-2715.7566666666676,-318.75666666666547,Utilities,original,9
2024-01-13,1348.0,-1013.18,334.82000000000005,0.24838278931750746,2091.0,-3053.4833333333336,-962.4833333333321,Health & Fitness,original,2
2024-01-15,4696.0,-2892.25,1803.75,0.3841034923339012,3363.0,-3023.2400000000002,339.7600000000013,Entertainment,original,0
2024-01-17,0.0,-409.77,-409.77,,2014.6666666666667,-1438.4000000000003,576.2666666666679,Entertainment,original,0
2024-01-19,0.0,-6945.349999999999,-6945.349999999999,,1565.3333333333333,-3415.7900000000004,-1850.4566666666651,Utilities,original,9
2024-01-21,0.0,-1351.74,-1351.74,,0.0,-2902.286666666667,-2902.2866666666655,Shopping,original,7
2024-01-23,0.0,-2806.41,-2806.41,,0.0,-3701.1666666666665,-3701.1666666666656,Food & Drink,original,1
2024-01-25,3851.0,-1911.24,1939.76,0.5037029343027785,1283.6666666666667,-2023.13,-739.4633333333322,Investment,original,3
2024-01-27,0.0,-2211.1800000000003,-2211.1800000000003,,1283.6666666666667,-2309.61,-1025.9433333333325,Entertainment,original,0
2024-01-29,0.0,-1026.74,-1026.74,,1283.6666666666667,-1716.386666666667,-432.7199999999991,Entertainment,original,0
2024-01-31,0.0,-1388.94,-1388.94,,0.0,-1542.286666666667,-1542.2866666666657,Travel,original,8
2024-02-06,5837.0,-1932.01,3904.99,0.6690063388727086,1945.6666666666667,-1449.2300000000002,496.4366666666676,Other,original,4
2024-02-10,0.0,-4728.860000000001,-4728.860000000001,,1945.6666666666667,-2683.2700000000004,-737.6033333333326,Entertainment,original,0
2024-02-14,3590.0,-1285.22,2304.7799999999997,0.6419999999999999,3142.3333333333335,-2648.696666666667,493.6366666666673,Investment,original,3
2024-02-16,3210.0,0.0,3210.0,1.0,2266.6666666666665,-2004.6933333333338,261.973333333334,Other,original,4
2024-02-18,0.0,-89.48,-89.48,,2266.6666666666665,-458.23333333333363,1808.4333333333343,Utilities,original,9
2024-02-20,0.0,-2690.82,-2690.82,,1070.0,-926.766666666667,143.23333333333417,Food & Drink,original,1
2024-02-22,0.0,-3457.42,-3457.42,,0.0,-2079.2400000000002,-2079.2399999999993,Entertainment,original,0
2024-02-24,0.0,-2900.42,-2900.42,,0.0,-3016.2200000000007,-3016.2199999999993,Food & Drink,original,1
2024-02-26,0.0,-4497.08,-4497.08,,0.0,-3618.3066666666673,-3618.306666666666,Entertainment,original,0
2024-02-28,0.0,-837.05,-837.05,,0.0,-2744.8500000000004,-2744.849999999999,Rent,original,5
2024-03-01,0.0,-1033.48,-1033.48,,0.0,-2122.536666666667,-2122.5366666666655,Health & Fitness,original,2
2024-03-03,0.0,-97.26,-97.26,,0.0,-655.9300000000003,-655.929999999999,Salary,original,6
2024-03-05,1871.0,-4055.37,-2184.37,-1.1674879743452697,623.6666666666666,-1728.7033333333336,-1105.0366666666657,Entertainment,original,0
2024-03-07,0.0,-1538.1000000000001,-1538.1000000000001,,623.6666666666666,-1896.9100000000005,-1273.2433333333322,Food & Drink,original,1
2024-03-11,1077.0,0.0,1077.0,1.0,982.6666666666666,-1864.4900000000005,-881.8233333333322,Other,original,4
2024-03-13,0.0,-1822.86,-1822.86,,359.0,-1120.3200000000002,-761.3199999999989,Entertainment,original,0
2024-03-15,0.0,-2049.2400000000002,-2049.2400000000002,,359.0,-1290.7,-931.6999999999989,Food & Drink,original,1
2024-03-17,1018.0,0.0,1018.0,1.0,339.3333333333333,-1290.7000000000003,-951.3666666666658,Investment,original,3
2024-03-25,0.0,-1404.76,-1404.76,,339.3333333333333,-1151.3333333333337,-811.9999999999991,Food & Drink,original,1
2024-03-27,2874.0,-1217.07,1656.93,0.5765240083507307,1297.3333333333333,-873.9433333333336,423.390000000001,Investment,original,3
2024-03-29,0.0,-3218.29,-3218.29,,958.0,-1946.706666666667,-988.7066666666657,Food & Drink,original,1
2024-04-02,0.0,-1920.67,-1920.67,,958.0,-2118.6766666666667,-1160.6766666666656,Travel,original,8
2024-04-04,591.0,0.0,591.0,1.0,197.0,-1712.986666666667,-1515.9866666666658,Other,original,4
2024-04-06,4900.0,-255.24,4644.76,0.9479102040816327,1830.3333333333333,-725.3033333333336,1105.0300000000009,Other,original,4
2024-04-08,0.0,-1378.0,-1378.0,,1830.3333333333333,-544.4133333333336,1285.920000000001,Health & Fitness,original,2
2024-04-10,4996.0,-985.1099999999999,4010.8900000000003,0.802820256204964,3298.6666666666665,-872.7833333333336,2425.8833333333346,Investment,original,3
2024-04-12,2117.0,0.0,2117.0,1.0,2371.0,-787.7033333333335,1583.2966666666678,Investment,original,3
2024-04-16,0.0,-4145.02,-4145.02,,2371.0,-1710.0433333333337,660.9566666666675,Entertainment,original,0
2024-04-18,3091.0,0.0,3091.0,1.0,1736.0,-1381.6733333333339,354.32666666666745,Other,original,4
2024-04-20,0.0,-1446.8999999999999,-1446.8999999999999,,1030.3333333333333,-1863.9733333333336,-833.6399999999991,Entertainment,original,0
2024-04-22,4431.0,-1681.82,2749.1800000000003,0.6204423380726699,2507.3333333333335,-1042.906666666667,1464.4266666666679,Other,original,4
2024-04-24,0.0,-1551.79,-1551.79,,1477.0,-1560.17,-83.16999999999886,Health & Fitness,original,2
2024-04-26,0.0,-2078.62,-2078.62,,1477.0,-1770.7433333333338,-293.7433333333322,Rent,original,5
2024-04-30,2656.0,0.0,2656.0,1.0,885.3333333333334,-1210.136666666667,-324.8033333333324,Investment,original,3
2024-05-02,0.0,-3084.74,-3084.74,,885.3333333333334,-1721.1200000000001,-835.7866666666656,Food & Drink,original,1
2024-05-04,2329.0,-3401.24,-1072.2399999999998,-0.4603864319450407,1661.6666666666667,-2161.9933333333333,-500.32666666666563,Entertainment,original,0
2024-05-14,0.0,-2497.08,-2497.08,,776.3333333333334,-2994.353333333334,-2218.019999999999,Entertainment,original,0
2024-05-16,0.0,-1516.84,-1516.84,,776.3333333333334,-2471.7200000000003,-1695.3866666666656,Utilities,original,9
2024-05-20,1967.0,0.0,1967.0,1.0,655.6666666666666,-1337.9733333333336,-682.3066666666657,Investment,original,3
2024-05-22,0.0,-1564.92,-1564.92,,655.6666666666666,-1027.2533333333338,-371.58666666666574,Health & Fitness,original,2
2024-05-24,0.0,-135.09,-135.09,,655.6666666666666,-566.6700000000003,88.99666666666754,Entertainment,original,0
2024-05-26,0.0,-2212.21,-2212.21,,0.0,-1304.0733333333337,-1304.0733333333326,Food & Drink,original,1
2024-05-30,0.0,-1410.44,-1410.44,,0.0,-1252.5800000000004,-1252.5799999999992,Rent,original,5
2024-06-01,0.0,-3469.11,-3469.11,,0.0,-2363.9200000000005,-2363.919999999999,Rent,original,5
2024-06-03,0.0,-2016.4299999999998,-2016.4299999999998,,0.0,-2298.6600000000003,-2298.6599999999994,Entertainment,original,0
2024-06-05,0.0,-1008.66,-1008.66,,0.0,-2164.7333333333336,-2164.733333333332,Food & Drink,original,1
2024-06-07,2384.0,0.0,2384.0,1.0,794.6666666666666,-1008.3633333333336,-213.69666666666566,Investment,original,3
2024-06-09,5699.0,0.0,5699.0,1.0,2694.3333333333335,-336.2200000000003,2358.113333333334,Investment,original,3
2024-06-11,0.0,-1325.61,-1325.61,,2694.3333333333335,-441.8700000000003,2252.4633333333345,Rent,original,5
2024-06-13,0.0,-2461.23,-2461.23,,1899.6666666666667,-1262.2800000000004,637.3866666666676,Health & Fitness,original,2
2024-06-15,1603.0,-1782.69,-179.69000000000005,-0.11209606986899567,534.3333333333334,-1856.5100000000002,-1322.1766666666658,Food & Drink,original,1
2024-06-17,2615.0,0.0,2615.0,1.0,1406.0,-1414.6400000000003,-8.639999999999114,Investment,original,3
2024-06-21,0.0,-4855.99,-4855.99,,1406.0,-2212.8933333333334,-806.8933333333325,Food & Drink,original,1
2024-06-23,1669.0,-5634.35,-3965.3500000000004,-2.375883762732175,1428.0,-3496.78,-2068.7799999999993,Salary,original,6
2024-07-01,3657.0,0.0,3657.0,1.0,1775.3333333333333,-3496.78,-1721.446666666666,Other,original,4
2024-07-05,2157.0,-1654.76,502.24,0.2328419100602689,2494.3333333333335,-2429.7033333333334,64.63000000000063,Investment,original,3
2024-07-07,0.0,-4704.13,-4704.13,,1938.0,-2119.63,-181.6299999999992,Food & Drink,original,1
2024-07-13,0.0,-2447.18,-2447.18,,719.0,-2935.3566666666666,-2216.356666666666,Food & Drink,original,1
2024-07-15,0.0,-1581.22,-1581.22,,0.0,-2910.8433333333337,-2910.8433333333323,Salary,original,6
2024-07-19,0.0,-856.72,-856.72,,0.0,-1628.3733333333332,-1628.3733333333323,Rent,original,5
2024-07-21,2611.0,-1821.07,789.9300000000001,0.30253925698965917,870.3333333333334,-1419.67,-549.3366666666658,Entertainment,original,0
2024-07-23,8352.0,0.0,8352.0,1.0,3654.3333333333335,-892.5966666666667,2761.7366666666676,Investment,original,3
2024-07-25,2577.0,-3835.33,-1258.33,-0.4882925882809468,4513.333333333333,-1885.4666666666665,2627.8666666666672,Shopping,original,7
2024-07-27,0.0,-4885.39,-4885.39,,3643.0,-2906.906666666667,736.0933333333342,Utilities,original,9
2024-07-29,0.0,-5930.28,-5930.28,,859.0,-4883.666666666667,-4024.6666666666656,Food & Drink,original,1
2024-07-31,0.0,-1451.74,-1451.74,,0.0,-4089.136666666667,-4089.136666666666,Food & Drink,original,1
2024-08-02,0.0,-4404.86,-4404.86,,0.0,-3928.9600000000005,-3928.959999999999,Food & Drink,original,1
2024-08-08,0.0,-1720.35,-1720.35,,0.0,-2525.65,-2525.649999999999,Entertainment,original,0
2024-08-10,1211.0,0.0,1211.0,1.0,403.6666666666667,-2041.736666666667,-1638.069999999999,Investment,original,3
2024-08-14,0.0,-4293.67,-4293.67,,403.6666666666667,-2004.6733333333339,-1601.006666666666,Entertainment,original,0
2024-08-22,538.0,-1216.66,-678.6600000000001,-1.2614498141263941,583.0,-1836.7766666666673,-1253.776666666666,Entertainment,original,0
2024-08-24,4906.0,-1703.94,3202.06,0.6526824296779453,1814.6666666666667,-2404.7566666666676,-590.0899999999992,Other,original,4
2024-08-26,0.0,-2933.67,-2933.67,,1814.6666666666667,-1951.423333333334,-136.7566666666659,Salary,original,6
2024-08-28,0.0,-3606.48,-3606.48,,1635.3333333333333,-2748.0300000000007,-1112.6966666666658,Food & Drink,original,1
2024-08-30,0.0,-1602.32,-1602.32,,0.0,-2714.156666666667,-2714.1566666666663,Entertainment,original,0
2024-09-01,2533.0,-1037.84,1495.16,0.590272404263719,844.3333333333334,-2082.2133333333336,-1237.879999999999,Health & Fitness,original,2
2024-09-05,3396.0,-3840.9700000000003,-444.97000000000025,-0.13102767962308606,1976.3333333333333,-2160.3766666666675,-184.0433333333326,Entertainment,original,0
2024-09-07,2674.0,-1671.53,1002.47,0.3748952879581152,2867.6666666666665,-2183.446666666667,684.2200000000007,Entertainment,original,0
2024-09-09,0.0,-320.43,-320.43,,2023.3333333333333,-1944.3100000000006,79.02333333333401,Health & Fitness,original,2
2024-09-13,4535.0,0.0,4535.0,1.0,2403.0,-663.9866666666672,1739.0133333333342,Investment,original,3
2024-09-15,0.0,-2687.3,-2687.3,,1511.6666666666667,-1002.5766666666674,509.09000000000077,Food & Drink,original,1
2024-09-17,0.0,-3786.1400000000003,-3786.1400000000003,,1511.6666666666667,-2157.813333333334,-646.146666666666,Travel,original,8
2024-09-21,3725.0,-919.82,2805.18,0.7530684563758389,1241.6666666666667,-2464.420000000001,-1222.7533333333326,Other,original,4
2024-09-23,3085.0,-1351.47,1733.53,0.5619222042139383,2270.0,-2019.143333333334,250.8566666666674,Food & Drink,original,1
2024-09-25,0.0,-1988.03,-1988.03,,2270.0,-1419.7733333333342,850.2266666666677,Travel,original,8
2024-09-27,0.0,-1780.41,-1780.41,,1028.3333333333333,-1706.6366666666672,-678.3033333333324,Health & Fitness,original,2
2024-10-01,2372.0,-2576.76,-204.76000000000022,-0.08632377740303551,790.6666666666666,-2115.0666666666675,-1324.399999999999,Shopping,original,7
2024-10-03,9078.0,-951.24,8126.76,0.8952148050231329,3816.6666666666665,-1769.470000000001,2047.1966666666676,Other,original,4
2024-10-07,0.0,-1241.6,-1241.6,,3816.6666666666665,-1589.8666666666675,2226.800000000001,Food & Drink,original,1
2024-10-09,0.0,-2327.06,-2327.06,,3026.0,-1506.6333333333341,1519.3666666666677,Health & Fitness,original,2
2024-10-11,0.0,-2894.0,-2894.0,,0.0,-2154.2200000000007,-2154.219999999999,Entertainment,original,0
2024-10-15,0.0,-1958.95,-1958.95,,0.0,-2393.3366666666675,-2393.3366666666657,Utilities,original,9
2024-10-17,0.0,-4062.89,-4062.89,,0.0,-2971.946666666668,-2971.9466666666654,Health & Fitness,original,2
2024-10-19,0.0,-2550.99,-2550.99,,0.0,-2857.6100000000006,-2857.609999999999,Shopping,original,7
2024-10-21,0.0,-2022.7400000000002,-2022.7400000000002,,0.0,-2878.8733333333344,-2878.8733333333325,Health & Fitness,original,2
2024-10-23,0.0,-2397.98,-2397.98,,0.0,-2323.903333333334,-2323.9033333333323,Salary,original,6
2024-10-27,1524.0,0.0,1524.0,1.0,508.0,-1473.5733333333344,-965.5733333333325,Investment,original,3
2024-10-31,0.0,-1881.47,-1881.47,,508.0,-1426.4833333333343,-918.4833333333323,Travel,original,8
2024-11-02,0.0,-628.46,-628.46,,508.0,-836.6433333333343,-328.64333333333246,Rent,original,5
2024-11-10,0.0,-1529.9399999999998,-1529.9399999999998,,0.0,-1346.6233333333341,-1346.6233333333323,Rent,original,5
2024-11-12,3898.0,-3673.33,224.67000000000007,0.05763724987172911,1299.3333333333333,-1943.9100000000008,-644.5766666666657,Salary,original,6
2024-11-14,4240.0,-1101.61,3138.3900000000003,0.740186320754717,2712.6666666666665,-2101.6266666666675,611.0400000000011,Investment,original,3
2024-11-16,500.0,-5312.11,-4812.11,-9.62422,2879.3333333333335,-3362.350000000001,-483.0166666666655,Entertainment,original,0
2024-11-18,0.0,-2679.21,-2679.21,,1580.0,-3030.9766666666674,-1450.9766666666656,Food & Drink,original,1
2024-11-20,0.0,-1583.3,-1583.3,,166.66666666666666,-3191.540000000001,-3024.8733333333325,Health & Fitness,original,2
2024-11-22,3599.0,-795.56,2803.44,0.7789497082522924,1199.6666666666667,-1686.0233333333342,-486.35666666666566,Other,original,4
2024-11-24,4209.0,-2924.0299999999997,1284.9700000000003,0.3052910430030887,2602.6666666666665,-1767.6300000000008,835.0366666666678,Travel,original,8
2024-11-26,4882.0,0.0,4882.0,1.0,4230.0,-1239.863333333334,2990.1366666666677,Investment,original,3
2024-11-28,2811.0,0.0,2811.0,1.0,3967.3333333333335,-974.6766666666675,2992.6566666666677,Investment,original,3
2024-11-30,0.0,-1456.94,-1456.94,,2564.3333333333335,-485.6466666666676,2078.686666666668,Salary,original,6
2024-12-02,0.0,-39.3,-39.3,,937.0,-498.7466666666676,438.25333333333424,Utilities,original,9
2024-12-04,0.0,-630.04,-630.04,,0.0,-708.7600000000008,-708.759999999999,Shopping,original,7
2024-12-06,0.0,-932.73,-932.73,,0.0,-534.0233333333342,-534.0233333333324,Health & Fitness,original,2
2024-12-08,0.0,-169.64,-169.64,,0.0,-577.4700000000008,-577.469999999999,Health & Fitness,original,2
2024-12-10,0.0,-121.52,-121.52,,0.0,-407.9633333333343,-407.96333333333246,Utilities,original,9
2024-12-12,3625.0,-1090.95,2534.05,0.699048275862069,1208.3333333333333,-460.7033333333343,747.630000000001,Other,original,4
2024-12-14,0.0,-1949.45,-1949.45,,1208.3333333333333,-1053.9733333333343,154.36000000000095,Rent,original,5
2024-12-16,0.0,-1544.74,-1544.74,,1208.3333333333333,-1528.380000000001,-320.04666666666566,Shopping,original,7
2024-12-18,0.0,-1453.44,-1453.44,,0.0,-1649.210000000001,-1649.2099999999991,Food & Drink,original,1
2024-12-20,0.0,-784.35,-784.35,,0.0,-1260.8433333333344,-1260.8433333333326,Salary,original,6
2024-12-22,0.0,-325.64,-325.64,,0.0,-854.4766666666677,-854.4766666666659,Health & Fitness,original,2
2024-12-28,2905.0,-1897.12,1007.8800000000001,0.3469466437177281,968.3333333333334,-1002.3700000000008,-34.036666666665724,Entertainment,original,0
