Date,Category,Income,Expense,Savings_Rate,Predicted_Savings_Rate
2020-01-02 00:00:00,Food & Drink,0.0,-2961.27,,-2.718856995546596
2020-01-04 00:00:00,Investment,2291.0,-1185.08,0.482723701440419,0.4598863769113033
2020-01-12 00:00:00,Food & Drink,0.0,-1126.88,,-0.33011213267481165
2020-01-14 00:00:00,Shopping,0.0,-448.68,,0.6703421442920351
2020-01-18 00:00:00,Food & Drink,3287.0,-1520.03,0.5375631274718589,0.5511234529212685
2020-01-20 00:00:00,Entertainment,0.0,-1914.85,,-2.3491785919353045
2020-01-24 00:00:00,Health & Fitness,0.0,-1977.47,,-2.2368918373197966
2020-01-26 00:00:00,Salary,0.0,-1077.09,,-0.31156958732801354
2020-01-28 00:00:00,Shopping,0.0,-166.81,,0.8784629694946818
2020-01-30 00:00:00,Food & Drink,0.0,-4760.09,,-2.8278528736551647
2020-02-01 00:00:00,Health & Fitness,0.0,-333.68,,0.6906143642129601
2020-02-03 00:00:00,Travel,0.0,-1406.62,,-0.3800066897301053
2020-02-05 00:00:00,Investment,1838.0,-1222.17,0.3350544069640914,0.3148217787557029
2020-02-07 00:00:00,Entertainment,3786.0,-3817.34,-0.0082778658214474,-0.05846220865919832
2020-02-09 00:00:00,Entertainment,0.0,-1827.14,,-1.449662703048574
2020-02-11 00:00:00,Health & Fitness,0.0,-433.13,,0.6887439805290813
2020-02-13 00:00:00,Salary,0.0,-294.31,,0.6936291862355871
2020-02-15 00:00:00,Other,4009.0,-1754.33,0.5624020952856074,0.5730563058671737
2020-02-17 00:00:00,Investment,1398.0,0.0,1.0,1.0
2020-02-19 00:00:00,Investment,3958.0,-769.42,0.8056038403233956,0.7938621179947081
2020-02-25 00:00:00,Travel,0.0,-1942.45,,-2.178007258416028
2020-02-27 00:00:00,Other,5081.0,-1363.76,0.7315961424916355,0.7263291328893702
2020-02-29 00:00:00,Travel,0.0,-1944.06,,-2.177704416977333
2020-03-02 00:00:00,Rent,0.0,-1742.33,,-0.9023840839828057
2020-03-04 00:00:00,Entertainment,0.0,-1516.0500000000002,,-0.5261531157022561
2020-03-08 00:00:00,Rent,0.0,-2345.42,,-2.6108877668554227
2020-03-10 00:00:00,Rent,0.0,-2136.64,,-2.390289910449038
2020-03-12 00:00:00,Utilities,0.0,-802.96,,-0.02101658267567342
2020-03-14 00:00:00,Entertainment,0.0,-3357.85,,-2.8370223080810417
2020-03-18 00:00:00,Health & Fitness,0.0,-881.82,,-0.07333712798976702
2020-03-20 00:00:00,Rent,0.0,-503.33,,0.663875198147702
2020-03-22 00:00:00,Food & Drink,2385.0,-151.28,0.9365702306079664,0.9452350657226973
2020-03-24 00:00:00,Entertainment,0.0,-144.13,,0.8931877704050133
2020-03-28 00:00:00,Other,1080.0,0.0,1.0,0.9587029496607704
2020-04-01 00:00:00,Travel,0.0,-1341.27,,-0.42702440762912414
2020-04-05 00:00:00,Salary,0.0,-2331.95,,-2.583027877799309
2020-04-09 00:00:00,Other,3402.0,0.0,1.0,1.0
2020-04-17 00:00:00,Health & Fitness,996.0,-3332.2200000000003,-2.3456024096385546,-2.0747444990984127
2020-04-21 00:00:00,Investment,2058.0,0.0,1.0,1.0
2020-04-23 00:00:00,Utilities,0.0,-849.54,,-0.06903773089166897
2020-04-25 00:00:00,Entertainment,914.0,-3688.53,-3.0355908096280086,-2.78007759270079
2020-04-27 00:00:00,Entertainment,0.0,-2071.61,,-2.6171479140960234
2020-04-29 00:00:00,Travel,0.0,-2617.93,,-2.6162923776096485
2020-05-01 00:00:00,Travel,0.0,-851.78,,-0.04308388717160064
2020-05-03 00:00:00,Food & Drink,0.0,-1480.62,,-0.5081580610863479
2020-05-05 00:00:00,Utilities,0.0,-393.31,,0.7020189412385585
2020-05-07 00:00:00,Investment,3807.0,0.0,1.0,1.0
2020-05-11 00:00:00,Investment,825.0,-1318.17,-0.5977818181818183,-0.44059604769977406
2020-05-13 00:00:00,Health & Fitness,0.0,-2355.06,,-2.4299611311233877
2020-05-15 00:00:00,Rent,0.0,-948.42,,-0.13078192665382674
2020-05-17 00:00:00,Rent,0.0,-155.79,,0.8996559528577668
2020-05-19 00:00:00,Rent,0.0,-2033.34,,-2.3400907576339494
2020-05-21 00:00:00,Utilities,0.0,-881.99,,-0.07531316334527965
2020-05-25 00:00:00,Travel,0.0,-1227.24,,-0.34071700469650845
2020-05-27 00:00:00,Food & Drink,0.0,-3217.52,,-2.656889452897111
2020-05-29 00:00:00,Investment,1376.0,-551.97,0.598859011627907,0.5612164772701891
2020-05-31 00:00:00,Food & Drink,0.0,-1624.59,,-0.8639114219761871
2020-06-02 00:00:00,Travel,0.0,-97.73,,0.9156664996401118
2020-06-04 00:00:00,Utilities,0.0,-1277.86,,-0.3660014819245081
2020-06-06 00:00:00,Food & Drink,0.0,-1340.4699999999998,,-0.37357812023826414
2020-06-08 00:00:00,Utilities,826.0,-1961.0,-1.37409200968523,-1.6709971125420187
2020-06-10 00:00:00,Entertainment,0.0,-6608.25,,-3.9256809203318994
2020-06-12 00:00:00,Utilities,0.0,-1764.02,,-1.1880318129378273
2020-06-14 00:00:00,Entertainment,3872.0,-540.94,0.8602944214876033,0.8465935128144267
2020-06-18 00:00:00,Other,5686.0,-1888.12,0.6679352796341893,0.604695887986392
2020-06-20 00:00:00,Health & Fitness,0.0,-2587.86,,-2.4216594492729615
2020-06-22 00:00:00,Other,1962.0,-86.13,0.9561009174311926,0.9580134679545371
2020-06-24 00:00:00,Health & Fitness,0.0,-1459.8,,-0.4196102018296904
2020-06-30 00:00:00,Rent,0.0,-874.87,,-0.08510409215239144
2020-07-02 00:00:00,Entertainment,3071.0,-734.8,0.760729404102898,0.7170801330022893
2020-07-04 00:00:00,Rent,0.0,-2779.43,,-2.485340341221206
2020-07-06 00:00:00,Other,1925.0,-1113.28,0.4216727272727273,0.4114203443843033
2020-07-08 00:00:00,Travel,0.0,-818.09,,-0.03632470458311931
2020-07-10 00:00:00,Travel,0.0,-580.96,,0.20774592958361285
2020-07-12 00:00:00,Entertainment,0.0,-3283.68,,-2.836981649302341
2020-07-16 00:00:00,Health & Fitness,0.0,-195.84,,0.8645956265753496
2020-07-20 00:00:00,Entertainment,1096.0,-1652.09,-0.5073813868613138,-0.5472873556275064
2020-07-22 00:00:00,Entertainment,0.0,-5280.49,,-3.6534676053837907
2020-07-24 00:00:00,Salary,0.0,-109.93,,0.9156664996401118
2020-07-28 00:00:00,Health & Fitness,0.0,-4481.77,,-2.894633693120176
2020-07-30 00:00:00,Travel,0.0,-2995.91,,-2.6025505987254642
2020-08-01 00:00:00,Entertainment,2420.0,-3877.54,-0.6022892561983471,-0.6097053320413175
2020-08-03 00:00:00,Investment,5604.0,-1549.68,0.7234689507494646,0.7036897004888888
2020-08-05 00:00:00,Shopping,0.0,-4484.72,,-2.749441863498271
2020-08-07 00:00:00,Shopping,0.0,-2590.48,,-2.5176646941740435
2020-08-09 00:00:00,Entertainment,0.0,-981.58,,-0.25675653039387636
2020-08-13 00:00:00,Salary,0.0,-1518.88,,-0.5159247033700923
2020-08-15 00:00:00,Utilities,0.0,-1961.64,,-2.3285019397982714
2020-08-17 00:00:00,Rent,0.0,-2476.94,,-2.6108877668554227
2020-08-19 00:00:00,Other,5169.0,0.0,1.0,1.0
2020-08-21 00:00:00,Travel,0.0,-5859.42,,-3.4364440709426995
2020-08-25 00:00:00,Rent,0.0,-1564.65,,-0.7303149531126603
2020-08-27 00:00:00,Food & Drink,1748.0,-1899.73,-0.0868020594965675,-0.17364235119378707
2020-08-29 00:00:00,Entertainment,0.0,-2277.64,,-2.6327266496469113
2020-08-31 00:00:00,Health & Fitness,0.0,-1901.71,,-2.1304807822171132
2020-09-04 00:00:00,Other,1385.0,-1155.84,0.1654584837545127,0.20475374571661853
2020-09-06 00:00:00,Rent,0.0,-1987.61,,-2.253047316216981
2020-09-08 00:00:00,Entertainment,0.0,-212.78,,0.7416569118556688
2020-09-10 00:00:00,Food & Drink,0.0,-2442.65,,-2.643105108690806
2020-09-16 00:00:00,Food & Drink,0.0,-3990.91,,-2.8302301426202874
2020-09-18 00:00:00,Salary,0.0,-2170.77,,-2.4789670191976687
2020-09-22 00:00:00,Health & Fitness,0.0,-3407.79,,-2.7723456015385013
2020-09-24 00:00:00,Travel,0.0,-687.27,,0.05292268694190105
2020-09-26 00:00:00,Entertainment,0.0,-2411.19,,-2.8276824963219265
2020-09-28 00:00:00,Salary,0.0,-1295.35,,-0.36306470988339984
2020-09-30 00:00:00,Entertainment,0.0,-814.53,,-0.024389201975023277
2020-10-02 00:00:00,Salary,0.0,-1111.41,,-0.3132282529680194
2020-10-04 00:00:00,Health & Fitness,0.0,-710.1,,0.0630877920595041
2020-10-06 00:00:00,Investment,5153.0,-510.29,0.9009722491752378,0.9053269425522484
2020-10-08 00:00:00,Salary,0.0,-2521.45,,-2.409314673161671
2020-10-10 00:00:00,Investment,5821.0,-462.69,0.920513657447174,0.904425542209558
2020-10-12 00:00:00,Utilities,0.0,-1279.36,,-0.42250088711703465
2020-10-14 00:00:00,Rent,0.0,-2709.35,,-2.4022142242865745
2020-10-16 00:00:00,Rent,0.0,-3316.71,,-2.639183636492587
2020-10-18 00:00:00,Travel,0.0,-486.41,,0.6623750280419208
2020-10-22 00:00:00,Shopping,0.0,-1216.57,,-0.34071700469650845
2020-10-24 00:00:00,Entertainment,0.0,-1553.63,,-0.5729848628065128
2020-10-26 00:00:00,Entertainment,0.0,-3651.79,,-2.9982717389988878
2020-10-28 00:00:00,Investment,1923.0,-15.32,0.9920332813312532,0.9947508331899316
2020-10-30 00:00:00,Salary,0.0,-1998.56,,-2.278748829834048
2020-11-01 00:00:00,Entertainment,0.0,-4522.35,,-2.9450716277455355
2020-11-03 00:00:00,Rent,0.0,-128.68,,0.9108975387157972
2020-11-05 00:00:00,Travel,0.0,-883.92,,-0.07920422316592092
2020-11-07 00:00:00,Travel,0.0,-1402.47,,-0.39234163077032935
2020-11-09 00:00:00,Food & Drink,0.0,-2544.6,,-2.643105108690806
2020-11-11 00:00:00,Food & Drink,0.0,-3155.88,,-2.6537495571452676
2020-11-13 00:00:00,Salary,0.0,-3929.16,,-2.894633693120176
2020-11-15 00:00:00,Food & Drink,0.0,-3150.63,,-2.7682481795856217
2020-11-17 00:00:00,Food & Drink,0.0,-1318.74,,-0.37089732702953865
2020-11-19 00:00:00,Shopping,0.0,-117.87,,0.9279053346565151
2020-11-21 00:00:00,Salary,0.0,-1254.56,,-0.33607697569379835
2020-11-23 00:00:00,Entertainment,0.0,-541.44,,0.5001984481998399
2020-11-25 00:00:00,Entertainment,4089.0,-1674.11,0.5905820494008315,0.5875242320669766
2020-11-27 00:00:00,Food & Drink,4280.0,-1108.98,0.740892523364486,0.7351704126508336
2020-11-29 00:00:00,Utilities,0.0,-1001.77,,-0.3584944261518957
2020-12-01 00:00:00,Travel,0.0,-836.83,,-0.08252189833577099
2020-12-05 00:00:00,Salary,0.0,-2613.74,,-2.566745388885154
2020-12-09 00:00:00,Shopping,0.0,-2329.24,,-2.6019244794557808
2020-12-11 00:00:00,Salary,0.0,-3408.45,,-2.6753306271163946
2020-12-13 00:00:00,Entertainment,0.0,-3574.68,,-3.025811865000126
2020-12-15 00:00:00,Shopping,0.0,-1896.26,,-2.1861692511052966
2020-12-17 00:00:00,Other,1322.0,-995.7,0.246822995461422,0.25675339144234466
2020-12-19 00:00:00,Food & Drink,0.0,-1656.09,,-0.8578434897848359
2020-12-21 00:00:00,Utilities,0.0,-158.91,,0.8876164060223786
2020-12-23 00:00:00,Rent,0.0,-4297.49,,-2.794382131701277
2020-12-25 00:00:00,Investment,2423.0,-1746.04,0.2793891869583161,0.29526271242677216
2020-12-27 00:00:00,Travel,0.0,-1994.88,,-2.2694317785968767
2020-12-29 00:00:00,Shopping,0.0,-1956.89,,-2.2697855424344056
2020-12-31 00:00:00,Food & Drink,0.0,-994.44,,-0.27827487373928866
2021-01-06 00:00:00,Entertainment,0.0,-1790.36,,-1.3138837844742715
2021-01-08 00:00:00,Utilities,0.0,-348.27,,0.6993545061670067
2021-01-10 00:00:00,Other,2472.0,-990.16,0.5994498381877023,0.580131957356442
2021-01-12 00:00:00,Other,2856.0,-1438.48,0.4963305322128851,0.5075985687128065
2021-01-14 00:00:00,Travel,3440.0,-2680.9,0.2206686046511627,0.2138175481414016
2021-01-16 00:00:00,Food & Drink,0.0,-2378.3500000000004,,-2.5244077616330935
2021-01-18 00:00:00,Travel,0.0,-1553.72,,-0.5591647540434485
2021-01-20 00:00:00,Health & Fitness,0.0,-445.82,,0.6596687994320273
2021-01-24 00:00:00,Other,1620.0,0.0,1.0,0.9979952743372044
2021-01-26 00:00:00,Health & Fitness,3176.0,-3568.16,-0.1234760705289672,-0.060495560609096576
2021-01-28 00:00:00,Utilities,0.0,-521.37,,0.6652735977280866
2021-02-01 00:00:00,Salary,0.0,-1935.09,,-2.266482266375853
2021-02-05 00:00:00,Health & Fitness,0.0,-1900.53,,-2.1679761445737826
2021-02-07 00:00:00,Health & Fitness,0.0,-2124.57,,-2.390289910449038
2021-02-09 00:00:00,Travel,0.0,-2251.05,,-2.422760360541556
2021-02-11 00:00:00,Food & Drink,0.0,-1468.5100000000002,,-0.5044023497891376
2021-02-13 00:00:00,Health & Fitness,0.0,-1831.36,,-1.4243290576871281
2021-02-15 00:00:00,Rent,0.0,-1274.45,,-0.36306470988339984
2021-02-17 00:00:00,Travel,0.0,-1301.99,,-0.3743658782117277
2021-02-19 00:00:00,Investment,804.0,-241.08,0.7001492537313432,0.7629919621195683
2021-02-21 00:00:00,Utilities,0.0,-783.41,,0.05552593287460501
2021-02-23 00:00:00,Shopping,0.0,-2492.1,,-2.549820311808219
2021-02-27 00:00:00,Health & Fitness,0.0,-2321.09,,-2.6108877668554227
2021-03-01 00:00:00,Entertainment,4960.0,-1842.84,0.6284596774193548,0.6092489433465037
2021-03-03 00:00:00,Rent,0.0,-1898.53,,-2.0663255932388402
2021-03-05 00:00:00,Food & Drink,0.0,-1439.5600000000002,,-0.4420008745163759
2021-03-07 00:00:00,Entertainment,0.0,-3416.82,,-2.8371182413431453
2021-03-09 00:00:00,Utilities,2771.0,-2203.9300000000003,0.2046445326596895,0.14730776885951796
2021-03-11 00:00:00,Utilities,0.0,-39.57,,0.927913957598586
2021-03-15 00:00:00,Other,10139.0,-1181.82,0.8834382088963408,0.8142469179647968
2021-03-17 00:00:00,Health & Fitness,855.0,-1952.84,-1.2840233918128654,-1.4919768315903632
2021-03-19 00:00:00,Food & Drink,0.0,-3372.52,,-2.5473939000457193
2021-03-21 00:00:00,Investment,4658.0,-1069.14,0.7704723057106054,0.734868392869428
2021-03-23 00:00:00,Entertainment,4023.0,-2421.75,0.3980238627889634,0.4086746214283776
2021-03-25 00:00:00,Other,3060.0,-837.82,0.726202614379085,0.7166473839361323
2021-03-27 00:00:00,Health & Fitness,0.0,-2051.25,,-2.1866967363600938
2021-03-29 00:00:00,Health & Fitness,0.0,-2494.85,,-2.5153681406344885
2021-03-31 00:00:00,Health & Fitness,0.0,-1343.33,,-0.363245618045064
2021-04-02 00:00:00,Entertainment,0.0,-3966.96,,-3.001968158280582
2021-04-08 00:00:00,Food & Drink,0.0,-4441.35,,-2.919117161680343
2021-04-10 00:00:00,Travel,0.0,-1911.48,,-2.2466309196426617
2021-04-12 00:00:00,Shopping,0.0,-1889.5,,-2.0466865384970827
2021-04-18 00:00:00,Food & Drink,1168.0,-3436.08,-1.941849315068493,-1.931152913301416
2021-04-20 00:00:00,Shopping,0.0,-976.47,,-0.2663333249075009
2021-04-22 00:00:00,Health & Fitness,0.0,-1304.51,,-0.382695579509026
2021-04-24 00:00:00,Salary,0.0,-1058.6,,-0.3145063593691218
2021-04-26 00:00:00,Entertainment,0.0,-2744.05,,-2.823297575214967
2021-04-30 00:00:00,Rent,0.0,-25.38,,0.9600609292175432
2021-05-02 00:00:00,Utilities,0.0,-267.08,,0.7094082935506295
2021-05-04 00:00:00,Entertainment,0.0,-1158.95,,-0.35146888409747407
2021-05-06 00:00:00,Rent,0.0,-4841.59,,-2.7909179703347675
2021-05-10 00:00:00,Entertainment,0.0,-2667.01,,-2.8700875290917587
2021-05-12 00:00:00,Rent,0.0,-797.58,,-0.019109479456168154
2021-05-14 00:00:00,Health & Fitness,3362.0,-1476.79,0.5607406305770375,0.5659390725644681
2021-05-16 00:00:00,Utilities,0.0,-480.18,,0.6942797365456749
2021-05-18 00:00:00,Investment,1921.0,0.0,1.0,1.0
2021-05-22 00:00:00,Rent,0.0,-1295.79,,-0.394317750151649
2021-05-24 00:00:00,Health & Fitness,0.0,-6594.74,,-3.592399021865271
2021-05-26 00:00:00,Salary,0.0,-247.53,,0.7109797224649661
2021-05-28 00:00:00,Rent,0.0,-1233.87,,-0.341489716247839
2021-05-30 00:00:00,Entertainment,0.0,-2719.67,,-2.8169941590047447
2021-06-01 00:00:00,Health & Fitness,0.0,-3880.82,,-2.809889751538092
2021-06-03 00:00:00,Investment,820.0,0.0,1.0,0.9742951164161182
2021-06-05 00:00:00,Salary,0.0,-3539.67,,-2.661378015230085
2021-06-09 00:00:00,Food & Drink,0.0,-1580.56,,-0.7145190479338892
2021-06-11 00:00:00,Rent,0.0,-1241.5300000000002,,-0.331781306899332
2021-06-13 00:00:00,Utilities,0.0,-673.39,,0.05508148466692524
2021-06-15 00:00:00,Shopping,0.0,-2100.94,,-2.3398097755151643
2021-06-19 00:00:00,Health & Fitness,0.0,-2254.31,,-2.4000556359872713
2021-06-21 00:00:00,Rent,0.0,-1295.59,,-0.36022224471250575
2021-06-23 00:00:00,Entertainment,0.0,-736.3299999999999,,0.055564656991584575
2021-06-25 00:00:00,Entertainment,0.0,-460.82,,0.656982691424621
2021-06-27 00:00:00,Investment,4779.0,-3546.06,0.2579912115505336,0.15838819816744154
2021-06-29 00:00:00,Food & Drink,0.0,-827.61,,-0.08299309497680898
2021-07-03 00:00:00,Salary,0.0,-4224.06,,-2.7746882441265845
2021-07-05 00:00:00,Other,4282.0,0.0,1.0,1.0
2021-07-07 00:00:00,Shopping,0.0,-1010.78,,-0.3396171231368497
2021-07-09 00:00:00,Utilities,3540.0,-4808.57,-0.3583531073446326,-0.27477353908438684
2021-07-11 00:00:00,Rent,0.0,-3444.35,,-2.7001337271346
2021-07-13 00:00:00,Entertainment,0.0,-894.45,,-0.09753591363480972
2021-07-15 00:00:00,Investment,730.0,0.0,1.0,0.9742951164161182
2021-07-19 00:00:00,Rent,0.0,-1963.78,,-2.341027585192091
2021-07-23 00:00:00,Other,4174.0,-1443.0,0.6542884523239099,0.6546339140183026
2021-07-27 00:00:00,Utilities,0.0,-1102.12,,-0.357521152047093
2021-07-29 00:00:00,Shopping,0.0,-231.26,,0.7585628309966249
2021-08-02 00:00:00,Travel,0.0,-252.48,,0.7060087184001624
2021-08-06 00:00:00,Salary,1676.0,-1332.5,0.2049522673031026,0.21043716193535966
2021-08-08 00:00:00,Food & Drink,0.0,-1616.22,,-0.7435966362400044
2021-08-10 00:00:00,Health & Fitness,0.0,-144.68,,0.8912537511961123
2021-08-12 00:00:00,Food & Drink,0.0,-2749.27,,-2.63600465981571
2021-08-14 00:00:00,Food & Drink,0.0,-720.62,,0.05424445697584112
2021-08-16 00:00:00,Investment,1349.0,0.0,1.0,0.997787228389277
2021-08-18 00:00:00,Health & Fitness,0.0,-275.49,,0.6881203555702357
2021-08-20 00:00:00,Health & Fitness,4420.0,-1764.45,0.6008031674208145,0.6086270161020556
2021-08-22 00:00:00,Entertainment,0.0,-1856.32,,-2.041979306010485
2021-08-24 00:00:00,Salary,0.0,-1549.6999999999998,,-0.5661604167362362
2021-08-26 00:00:00,Entertainment,0.0,-579.36,,0.21321554636438983
2021-08-28 00:00:00,Food & Drink,0.0,-1732.94,,-0.9204850462918157
2021-09-05 00:00:00,Rent,0.0,-3089.87,,-2.5897563201566216
2021-09-09 00:00:00,Other,3509.0,-3155.87,0.100635508691935,0.05233630678012078
2021-09-11 00:00:00,Salary,0.0,-3676.85,,-2.824012486863882
2021-09-15 00:00:00,Food & Drink,4063.0,-1190.37,0.7070219049963081,0.7005000863122962
2021-09-17 00:00:00,Other,785.0,-1906.05,-1.4280891719745223,-1.4873385309862268
2021-09-19 00:00:00,Food & Drink,3500.0,-3534.8100000000004,-0.0099457142857144,-0.02665095376085002
2021-09-21 00:00:00,Investment,4588.0,0.0,1.0,1.0
2021-09-27 00:00:00,Rent,0.0,-530.94,,0.5450084378257972
2021-10-01 00:00:00,Salary,0.0,-437.0,,0.6770078985749628
2021-10-07 00:00:00,Investment,4203.0,-408.35,0.9028432072329288,0.9032622403874668
2021-10-13 00:00:00,Health & Fitness,1219.0,-3122.75,-1.5617309269893356,-1.5178299160080564
2021-10-15 00:00:00,Utilities,0.0,-1589.46,,-0.724098647822731
2021-10-19 00:00:00,Rent,0.0,-1970.41,,-2.2876029431897535
2021-10-21 00:00:00,Entertainment,4328.0,-1582.84,0.6342791127541589,0.6337493010008349
2021-10-23 00:00:00,Other,3761.0,-1227.78,0.6735495878755651,0.6788619576390926
2021-10-27 00:00:00,Rent,0.0,-1315.5300000000002,,-0.44390454831722387
2021-10-29 00:00:00,Rent,0.0,-905.45,,-0.10752614342369782
2021-11-02 00:00:00,Health & Fitness,0.0,-265.39,,0.6985808823092554
2021-11-04 00:00:00,Investment,1517.0,-1875.56,-0.2363612392880686,-0.18265696731862707
2021-11-06 00:00:00,Entertainment,0.0,-2392.0,,-2.772778887890448
2021-11-10 00:00:00,Travel,0.0,-259.09,,0.709855927835505
2021-11-14 00:00:00,Rent,0.0,-1010.12,,-0.2926049575237166
2021-11-16 00:00:00,Health & Fitness,1902.0,-1686.63,0.1132334384858043,0.1577555928153278
2021-11-18 00:00:00,Food & Drink,0.0,-2717.42,,-2.573016486654605
2021-11-20 00:00:00,Investment,4768.0,-601.89,0.8737646812080536,0.8394329207314456
2021-11-22 00:00:00,Salary,0.0,-934.24,,-0.18984421808663912
2021-11-26 00:00:00,Health & Fitness,0.0,-2583.03,,-2.4299611311233877
2021-11-28 00:00:00,Other,4718.0,0.0,1.0,1.0
2021-11-30 00:00:00,Health & Fitness,0.0,-491.06,,0.6697257597806926
2021-12-02 00:00:00,Investment,5407.0,-504.06,0.9067764009617162,0.9065509929533548
2021-12-08 00:00:00,Health & Fitness,4585.0,-2016.59,0.5601766630316248,0.5196552464646267
2021-12-10 00:00:00,Salary,0.0,-56.12,,0.8861394920431173
2021-12-12 00:00:00,Salary,0.0,-2619.1800000000003,,-2.4466869029000278
2021-12-14 00:00:00,Investment,7526.0,0.0,1.0,1.0
2021-12-16 00:00:00,Health & Fitness,0.0,-100.03,,0.8735467071124052
2021-12-18 00:00:00,Investment,3469.0,0.0,1.0,1.0
2021-12-20 00:00:00,Rent,0.0,-2431.2,,-2.4818046996985115
2021-12-22 00:00:00,Rent,0.0,-266.04,,0.738562280117829
2021-12-24 00:00:00,Other,3277.0,0.0,1.0,1.0
2021-12-26 00:00:00,Health & Fitness,0.0,-1512.38,,-0.5350795032507447
2021-12-28 00:00:00,Other,4596.0,0.0,1.0,1.0
2021-12-30 00:00:00,Investment,1622.0,0.0,1.0,1.0
2022-01-01 00:00:00,Salary,0.0,-1043.47,,-0.39239133276051624
2022-01-03 00:00:00,Health & Fitness,3186.0,-2945.28,0.0755555555555554,0.07202374633286263
2022-01-05 00:00:00,Food & Drink,0.0,-1914.6,,-2.1870488804224277
2022-01-07 00:00:00,Food & Drink,0.0,-1197.85,,-0.36379291012746107
2022-01-09 00:00:00,Entertainment,0.0,-1445.59,,-0.41161414290583037
2022-01-13 00:00:00,Food & Drink,0.0,-2506.7,,-2.651929227428995
2022-01-15 00:00:00,Entertainment,0.0,-879.48,,-0.07761661471039757
2022-01-17 00:00:00,Food & Drink,0.0,-3161.4,,-2.6670901276855434
2022-01-21 00:00:00,Health & Fitness,4975.0,-2630.63,0.4712301507537688,0.44724473464489684
2022-01-23 00:00:00,Investment,2785.0,-1224.05,0.5604847396768402,0.5467402111508174
2022-01-27 00:00:00,Entertainment,0.0,-1883.56,,-2.12679427951268
2022-01-31 00:00:00,Travel,0.0,-1412.75,,-0.4170593514919719
2022-02-02 00:00:00,Salary,0.0,-640.91,,0.09099253509765882
2022-02-04 00:00:00,Shopping,0.0,-2375.26,,-2.5577821014855124
2022-02-06 00:00:00,Health & Fitness,0.0,-1909.67,,-2.1628897738377892
2022-02-08 00:00:00,Travel,0.0,-2290.17,,-2.6043017484209035
2022-02-10 00:00:00,Entertainment,3205.0,-3866.08,-0.2062652106084243,-0.20080781013565085
2022-02-14 00:00:00,Rent,0.0,-1365.57,,-0.4117353836384548
2022-02-16 00:00:00,Food & Drink,6964.0,-2776.91,0.6012478460654797,0.4872854545817928
2022-02-18 00:00:00,Investment,4883.0,0.0,1.0,1.0
2022-02-20 00:00:00,Food & Drink,0.0,-1827.33,,-1.3742448977393353
2022-02-22 00:00:00,Investment,797.0,-1578.04,-0.979974905897114,-0.6039151597042313
2022-02-24 00:00:00,Other,806.0,0.0,1.0,0.9620562813997149
2022-02-26 00:00:00,Investment,3244.0,0.0,1.0,1.0
2022-02-28 00:00:00,Salary,0.0,-1779.63,,-1.233532404021669
2022-03-02 00:00:00,Other,2735.0,0.0,1.0,1.0
2022-03-04 00:00:00,Investment,5815.0,0.0,1.0,1.0
2022-03-06 00:00:00,Entertainment,0.0,-1835.1,,-1.468770624671086
2022-03-12 00:00:00,Shopping,0.0,-1655.71,,-0.8496398197118449
2022-03-14 00:00:00,Rent,0.0,-807.66,,-0.023909242997512
2022-03-16 00:00:00,Entertainment,4411.0,-23.59,0.994652006347767,0.994013324036413
2022-03-18 00:00:00,Travel,0.0,-3989.91,,-2.659448465025423
2022-03-20 00:00:00,Food & Drink,0.0,-2155.67,,-2.3278235447284614
2022-03-22 00:00:00,Travel,0.0,-3086.67,,-2.724145859572213
2022-03-24 00:00:00,Health & Fitness,0.0,-2354.66,,-2.6089731760951347
2022-03-26 00:00:00,Entertainment,0.0,-2581.86,,-2.812497632911428
2022-03-28 00:00:00,Entertainment,4762.0,-6030.33,-0.2663439731205376,-0.44106914835028427
2022-03-30 00:00:00,Shopping,3024.0,-1435.4,0.5253306878306878,0.5454936712067687
2022-04-01 00:00:00,Other,2879.0,-4165.25,-0.4467697117054532,-0.37281090537878214
2022-04-03 00:00:00,Salary,0.0,-3220.77,,-2.5893148293680257
2022-04-05 00:00:00,Utilities,0.0,-1985.77,,-2.347130750328439
2022-04-07 00:00:00,Utilities,0.0,-1458.44,,-0.3983461369796248
2022-04-09 00:00:00,Food & Drink,0.0,-4832.24,,-2.8357708547722043
2022-04-15 00:00:00,Investment,763.0,0.0,1.0,0.9742951164161182
2022-04-17 00:00:00,Food & Drink,0.0,-1722.63,,-0.9112476676302996
2022-04-21 00:00:00,Food & Drink,6576.0,-497.02,0.9244190997566908,0.9093841057203957
2022-04-23 00:00:00,Entertainment,0.0,-1922.28,,-2.3252853657277193
2022-04-29 00:00:00,Health & Fitness,0.0,-1640.61,,-0.8448912820701351
2022-05-01 00:00:00,Entertainment,0.0,-2088.71,,-2.6090466363086473
2022-05-03 00:00:00,Salary,0.0,-103.3,,0.9279053346565151
2022-05-05 00:00:00,Shopping,0.0,-3907.48,,-2.791050283306356
2022-05-07 00:00:00,Entertainment,2588.0,-5403.03,-1.0877241112828435,-0.7134853204225908
2022-05-09 00:00:00,Food & Drink,0.0,-1620.15,,-0.78093041001085
2022-05-11 00:00:00,Food & Drink,0.0,-1748.5,,-0.9372156879216423
2022-05-13 00:00:00,Entertainment,4427.0,-2488.29,0.4379286198328439,0.4445623626929617
2022-05-19 00:00:00,Entertainment,0.0,-5489.21,,-3.6935900219835753
2022-05-21 00:00:00,Health & Fitness,0.0,-623.76,,0.13593090647742959
2022-05-23 00:00:00,Salary,0.0,-3210.69,,-2.7345682190669454
2022-05-25 00:00:00,Entertainment,0.0,-1485.09,,-0.5124576267457099
2022-05-27 00:00:00,Other,5302.0,0.0,1.0,1.0
2022-05-29 00:00:00,Health & Fitness,0.0,-2799.58,,-2.4022142242865745
2022-05-31 00:00:00,Food & Drink,0.0,-3319.83,,-2.5468142699820397
2022-06-04 00:00:00,Entertainment,0.0,-975.92,,-0.2470481210453695
2022-06-06 00:00:00,Food & Drink,4642.0,-2561.4700000000003,0.448196897888841,0.4421687533232836
2022-06-10 00:00:00,Other,5485.0,0.0,1.0,1.0
2022-06-12 00:00:00,Entertainment,0.0,-4852.54,,-2.887941048945547
2022-06-16 00:00:00,Health & Fitness,0.0,-2460.98,,-2.4586095985920386
2022-06-18 00:00:00,Entertainment,0.0,-3291.49,,-2.936336067110897
2022-06-20 00:00:00,Food & Drink,1177.0,-317.74,0.7300424808836024,0.7109436342123968
2022-06-22 00:00:00,Rent,0.0,-3084.0,,-2.543156604158871
2022-06-24 00:00:00,Entertainment,0.0,-980.2,,-0.26992071435542836
2022-06-26 00:00:00,Food & Drink,0.0,-2166.55,,-2.435148893849061
2022-06-30 00:00:00,Food & Drink,0.0,-3781.78,,-2.815045279209789
2022-07-02 00:00:00,Entertainment,0.0,-1137.72,,-0.30036005179010167
2022-07-04 00:00:00,Rent,0.0,-2672.6,,-2.6089731760951347
2022-07-06 00:00:00,Shopping,0.0,-1938.15,,-2.3785625900958234
2022-07-12 00:00:00,Travel,0.0,-1569.26,,-0.7254167065125192
2022-07-16 00:00:00,Shopping,0.0,-1278.21,,-0.36306470988339984
2022-07-18 00:00:00,Entertainment,3612.0,-2911.0,0.1940753045404208,0.18085217318740185
2022-07-20 00:00:00,Rent,0.0,-192.13,,0.8643559828198939
2022-07-22 00:00:00,Salary,0.0,-726.24,,0.023993603634150526
2022-07-24 00:00:00,Utilities,0.0,-183.72,,0.876836547178231
2022-07-26 00:00:00,Food & Drink,3157.0,-2258.77,0.2845201140323091,0.2390445127912122
2022-07-28 00:00:00,Other,4586.0,-1148.2,0.7496293065852595,0.7375441238210828
2022-07-30 00:00:00,Rent,0.0,-1316.36,,-0.44390454831722387
2022-08-01 00:00:00,Other,2520.0,-1191.67,0.5271150793650793,0.5294912516448307
2022-08-03 00:00:00,Investment,1609.0,-671.11,0.5829024238657551,0.5516517162881397
2022-08-05 00:00:00,Health & Fitness,0.0,-886.04,,-0.10164529816978139
2022-08-07 00:00:00,Utilities,0.0,-607.87,,0.18946099036238995
2022-08-11 00:00:00,Entertainment,0.0,-963.23,,-0.23751087919280783
2022-08-13 00:00:00,Other,3114.0,0.0,1.0,1.0
2022-08-15 00:00:00,Entertainment,0.0,-4619.11,,-2.949960887418545
2022-08-17 00:00:00,Entertainment,0.0,-2789.01,,-2.7548410315663756
2022-08-19 00:00:00,Rent,0.0,-1639.74,,-0.881001858003459
2022-08-21 00:00:00,Other,2482.0,-3686.19,-0.4851692183722804,-0.5178104264072717
2022-08-23 00:00:00,Shopping,0.0,-2165.24,,-2.2780730438418786
2022-08-25 00:00:00,Health & Fitness,0.0,-1633.9,,-0.8542213347200371
2022-08-27 00:00:00,Health & Fitness,0.0,-341.01,,0.693465460125503
2022-08-29 00:00:00,Shopping,0.0,-2154.78,,-2.3398097755151643
2022-08-31 00:00:00,Entertainment,4683.0,-1593.59,0.6597074524877216,0.6434892932643563
2022-09-02 00:00:00,Entertainment,2920.0,-1991.17,0.3180924657534246,0.2941488989902709
2022-09-04 00:00:00,Health & Fitness,685.0,-1025.63,-0.4972700729927009,-0.36817141271845083
2022-09-06 00:00:00,Investment,4727.0,-1357.51,0.7128178548762428,0.7162139525638092
2022-09-08 00:00:00,Investment,3211.0,0.0,1.0,1.0
2022-09-10 00:00:00,Salary,0.0,-920.39,,-0.16759403414598953
2022-09-12 00:00:00,Entertainment,0.0,-904.65,,-0.11419271073102834
2022-09-14 00:00:00,Food & Drink,0.0,-3309.27,,-2.664937779566958
2022-09-16 00:00:00,Investment,2649.0,0.0,1.0,1.0
2022-09-18 00:00:00,Health & Fitness,0.0,-2997.1000000000004,,-2.5323991563594137
2022-09-20 00:00:00,Utilities,0.0,-1629.34,,-0.855422996570585
2022-09-22 00:00:00,Travel,0.0,-1838.18,,-1.4255758255940452
2022-09-26 00:00:00,Rent,0.0,-1007.5,,-0.2896681854826083
2022-09-28 00:00:00,Investment,5831.0,-842.3,0.8555479334590979,0.8234244607727874
2022-09-30 00:00:00,Food & Drink,0.0,-2114.7200000000003,,-2.2682362271976135
2022-10-02 00:00:00,Salary,0.0,-1105.88,,-0.36857562994016535
2022-10-04 00:00:00,Investment,2306.0,-1439.95,0.3755637467476149,0.405456898531714
2022-10-08 00:00:00,Salary,0.0,-1135.64,,-0.3361852359308901
2022-10-10 00:00:00,Salary,0.0,-1103.96,,-0.3361852359308901
2022-10-12 00:00:00,Health & Fitness,2694.0,-2185.91,0.1886005939123979,0.15989253691675223
2022-10-18 00:00:00,Entertainment,0.0,-2077.06,,-2.5289419675430582
2022-10-20 00:00:00,Rent,0.0,-1416.75,,-0.41421688632107784
2022-10-22 00:00:00,Entertainment,0.0,-2151.15,,-2.6090466363086473
2022-10-24 00:00:00,Shopping,0.0,-340.3,,0.7008932962164103
2022-10-28 00:00:00,Investment,2195.0,0.0,1.0,1.0
2022-10-30 00:00:00,Health & Fitness,0.0,-1723.31,,-0.9067736426220978
2022-11-03 00:00:00,Rent,0.0,-1429.56,,-0.4139030123067676
2022-11-05 00:00:00,Shopping,0.0,-1838.35,,-1.4253074796933514
2022-11-07 00:00:00,Investment,3138.0,-1405.84,0.5519949012109624,0.561032365380832
2022-11-09 00:00:00,Shopping,0.0,-2243.37,,-2.2910425574432742
2022-11-13 00:00:00,Rent,0.0,-2997.4300000000003,,-2.523781224002994
2022-11-15 00:00:00,Food & Drink,0.0,-1739.13,,-0.9237178760041777
2022-11-17 00:00:00,Health & Fitness,0.0,-3609.74,,-2.809889751538092
2022-11-19 00:00:00,Entertainment,0.0,-994.48,,-0.2708387391428765
2022-11-21 00:00:00,Salary,0.0,-2260.85,,-2.4299698535821075
2022-11-25 00:00:00,Food & Drink,0.0,-143.83,,0.9012377599913043
2022-11-27 00:00:00,Other,2157.0,-888.16,0.588242929995364,0.5596447088793989
2022-12-01 00:00:00,Utilities,0.0,-1765.47,,-1.1643783840452315
2022-12-03 00:00:00,Rent,0.0,-945.72,,-0.1552001571558504
2022-12-05 00:00:00,Entertainment,0.0,-977.23,,-0.2574210276828899
2022-12-07 00:00:00,Investment,508.0,0.0,1.0,0.9643133159295002
2022-12-11 00:00:00,Rent,0.0,-274.07,,0.7060087184001624
2022-12-13 00:00:00,Salary,0.0,-28.48,,0.9575134817472023
2022-12-15 00:00:00,Rent,0.0,-2937.05,,-2.559644940010058
2022-12-17 00:00:00,Rent,0.0,-1464.22,,-0.40843803536149803
2022-12-21 00:00:00,Other,3511.0,0.0,1.0,1.0
2022-12-27 00:00:00,Utilities,0.0,-771.61,,0.023153762408029036
2022-12-29 00:00:00,Utilities,0.0,-1286.74,,-0.40602192033402784
2022-12-31 00:00:00,Rent,0.0,-1065.71,,-0.3124170285599319
2023-01-02 00:00:00,Investment,4105.0,0.0,1.0,1.0
2023-01-04 00:00:00,Entertainment,4124.0,-1259.88,0.6945004849660523,0.703696359469516
2023-01-06 00:00:00,Rent,0.0,-1794.22,,-1.2071087197377404
2023-01-08 00:00:00,Investment,3645.0,0.0,1.0,1.0
2023-01-10 00:00:00,Other,1190.0,-635.86,0.4656638655462184,0.44959123612121166
2023-01-12 00:00:00,Travel,0.0,-1560.15,,-0.5808222907534192
2023-01-14 00:00:00,Travel,0.0,-418.84,,0.6702493319354302
2023-01-16 00:00:00,Entertainment,0.0,-3067.98,,-2.832938734120035
2023-01-18 00:00:00,Entertainment,1081.0,-6395.07,-4.915883441258094,-3.8268057562070066
2023-01-20 00:00:00,Food & Drink,826.0,-2197.01,-1.6598184019370457,-1.8783133051402907
2023-01-22 00:00:00,Entertainment,3700.0,-3363.95,0.0908243243243243,0.04505116371458801
2023-01-24 00:00:00,Food & Drink,1450.0,-2303.94,-0.5889241379310345,-0.7064833868760134
2023-01-26 00:00:00,Food & Drink,1467.0,-1209.94,0.1752283571915473,0.20032833863539964
2023-01-28 00:00:00,Food & Drink,0.0,-2324.6,,-2.608745519762497
2023-01-30 00:00:00,Food & Drink,4364.0,-2183.31,0.4996998166819432,0.47748314109538
2023-02-01 00:00:00,Food & Drink,0.0,-1476.33,,-0.5196880835524655
2023-02-03 00:00:00,Shopping,0.0,-456.79,,0.6917997414393877
2023-02-05 00:00:00,Health & Fitness,0.0,-549.8,,0.22749121773301545
2023-02-07 00:00:00,Food & Drink,4290.0,-2275.52,0.4695757575757576,0.4642358920777088
2023-02-09 00:00:00,Travel,0.0,-661.33,,0.029698274735648695
2023-02-11 00:00:00,Food & Drink,0.0,-744.15,,0.018780884215482196
2023-02-13 00:00:00,Travel,0.0,-1481.76,,-0.5060964878672282
2023-02-15 00:00:00,Entertainment,0.0,-2655.06,,-2.8276418375432257
2023-02-17 00:00:00,Entertainment,0.0,-309.63,,0.6914930209387741
2023-02-19 00:00:00,Food & Drink,0.0,-2376.14,,-2.651929227428995
2023-02-21 00:00:00,Investment,6958.0,0.0,1.0,1.0
2023-02-23 00:00:00,Food & Drink,0.0,-1945.39,,-2.266954476711662
2023-02-25 00:00:00,Health & Fitness,6019.0,-922.33,0.8467635819903638,0.8374627859314845
2023-02-27 00:00:00,Rent,0.0,-1015.8,,-0.34839193328003426
2023-03-03 00:00:00,Shopping,0.0,-1487.17,,-0.5277051178397572
2023-03-05 00:00:00,Health & Fitness,2638.0,-2315.4300000000003,0.122278241091736,0.0339099139728588
2023-03-07 00:00:00,Entertainment,3072.0,-3461.81,-0.1268912760416666,-0.053548010452840224
2023-03-09 00:00:00,Food & Drink,0.0,-761.54,,0.004008951400524098
2023-03-11 00:00:00,Utilities,0.0,-191.51,,0.8716528887072492
2023-03-13 00:00:00,Health & Fitness,2631.0,-870.38,0.6691828202204485,0.6376873231215242
2023-03-15 00:00:00,Investment,1570.0,-2297.51,-0.4633821656050954,-0.4308896211173961
2023-03-17 00:00:00,Other,3549.0,-1168.82,0.6706621583544661,0.6599270462656548
2023-03-21 00:00:00,Other,1555.0,-53.38,0.9656720257234724,0.96598527983546
2023-03-23 00:00:00,Other,6152.0,-1369.59,0.7773748374512354,0.7689914568170226
2023-03-27 00:00:00,Investment,2033.0,0.0,1.0,1.0
2023-03-29 00:00:00,Investment,2917.0,-1768.01,0.3938944120671923,0.40527370409100155
2023-03-31 00:00:00,Entertainment,0.0,-4219.74,,-2.8989948490318316
2023-04-04 00:00:00,Health & Fitness,0.0,-964.57,,-0.25082373300844957
2023-04-06 00:00:00,Health & Fitness,0.0,-1826.23,,-1.4249213265330998
2023-04-08 00:00:00,Investment,740.0,-548.17,0.2592297297297298,0.25564791114970115
2023-04-10 00:00:00,Health & Fitness,0.0,-1662.62,,-0.8425031953550873
2023-04-12 00:00:00,Utilities,0.0,-209.27,,0.7452185986137093
2023-04-14 00:00:00,Travel,0.0,-1072.04,,-0.3133475299725057
2023-04-16 00:00:00,Food & Drink,0.0,-1530.46,,-0.5317823457703375
2023-04-20 00:00:00,Health & Fitness,0.0,-2905.32,,-2.5801151612515536
2023-04-22 00:00:00,Entertainment,1664.0,-2763.86,-0.6609735576923075,-0.4828468333329795
2023-04-24 00:00:00,Investment,1902.0,0.0,1.0,1.0
2023-05-02 00:00:00,Food & Drink,987.0,-1358.26,-0.3761499493414387,-0.38999633934047345
2023-05-04 00:00:00,Health & Fitness,1408.0,-3097.6800000000003,-1.2000568181818183,-1.0099265090150067
2023-05-06 00:00:00,Health & Fitness,0.0,-281.54,,0.6983966732844307
2023-05-12 00:00:00,Other,4491.0,0.0,1.0,1.0
2023-05-14 00:00:00,Utilities,0.0,-4600.9400000000005,,-2.640667028074131
2023-05-16 00:00:00,Entertainment,0.0,-1655.24,,-0.8823561967927511
2023-05-18 00:00:00,Other,1652.0,-483.61,0.7072578692493946,0.7415778041798395
2023-05-20 00:00:00,Entertainment,0.0,-3564.2200000000003,,-2.8767621560834273
2023-05-22 00:00:00,Other,3937.0,-2434.85,0.3815468630937262,0.4036227894101626
2023-05-24 00:00:00,Shopping,0.0,-211.84,,0.7679368181684121
2023-05-28 00:00:00,Entertainment,4272.0,-333.69,0.9218890449438202,0.9064561092738781
2023-05-30 00:00:00,Investment,3575.0,0.0,1.0,1.0
2023-06-01 00:00:00,Investment,4981.0,0.0,1.0,1.0
2023-06-03 00:00:00,Rent,0.0,-2094.48,,-2.1866049206270564
2023-06-05 00:00:00,Utilities,0.0,-1218.56,,-0.3975963138615146
2023-06-07 00:00:00,Entertainment,0.0,-1035.97,,-0.3084845251791906
2023-06-09 00:00:00,Rent,0.0,-1933.38,,-2.3487652165080712
2023-06-13 00:00:00,Salary,0.0,-407.35,,0.6755094342999207
2023-06-15 00:00:00,Investment,2890.0,-2636.28,0.0877923875432526,0.12514763726667125
2023-06-17 00:00:00,Travel,0.0,-939.69,,-0.1610373452594283
2023-06-19 00:00:00,Utilities,0.0,-897.09,,-0.09601055609117665
2023-06-21 00:00:00,Food & Drink,0.0,-1025.48,,-0.30546872697181193
2023-06-23 00:00:00,Shopping,0.0,-1941.7,,-2.3398019291084293
2023-06-25 00:00:00,Food & Drink,0.0,-4931.61,,-2.948281774379004
2023-06-29 00:00:00,Food & Drink,0.0,-1009.18,,-0.27984940183406964
2023-07-01 00:00:00,Utilities,0.0,-2147.99,,-2.3794120322891086
2023-07-05 00:00:00,Investment,3219.0,-411.82,0.8720658589624106,0.8663802981309658
2023-07-07 00:00:00,Rent,0.0,-1853.06,,-1.8642174751920209
2023-07-09 00:00:00,Food & Drink,1365.0,-3523.83,-1.5815604395604397,-1.5564219973191695
2023-07-11 00:00:00,Rent,0.0,-1573.63,,-0.7256352514799668
2023-07-13 00:00:00,Health & Fitness,0.0,-1757.01,,-1.1643418098514424
2023-07-15 00:00:00,Other,3517.0,-3772.87,-0.072752345749218,-0.09551869408485185
2023-07-17 00:00:00,Rent,0.0,-2513.16,,-2.524543878938335
2023-07-19 00:00:00,Health & Fitness,0.0,-2878.84,,-2.587181827891359
2023-07-21 00:00:00,Shopping,0.0,-1484.48,,-0.49213731603167304
2023-07-23 00:00:00,Health & Fitness,0.0,-1643.82,,-0.8582062334413282
2023-07-25 00:00:00,Shopping,0.0,-420.52,,0.6760051990491086
2023-07-27 00:00:00,Entertainment,0.0,-2031.32,,-2.603697177473652
2023-07-29 00:00:00,Salary,0.0,-110.61,,0.9279053346565151
2023-07-31 00:00:00,Entertainment,0.0,-555.22,,0.2301018082184192
2023-08-04 00:00:00,Investment,2481.0,-1274.47,0.4863079403466344,0.48561531215685655
2023-08-06 00:00:00,Health & Fitness,0.0,-1058.4499999999998,,-0.32451969644069806
2023-08-08 00:00:00,Travel,0.0,-1565.06,,-0.7212789546024135
2023-08-10 00:00:00,Entertainment,2313.0,-2276.09,0.0159576307825334,-0.10574187856803294
2023-08-16 00:00:00,Food & Drink,569.0,-2381.8,-3.1859402460456945,-2.6052813583959873
2023-08-20 00:00:00,Travel,0.0,-853.38,,-0.0679719385533251
2023-08-22 00:00:00,Health & Fitness,0.0,-2281.03,,-2.4592782563539513
2023-08-24 00:00:00,Shopping,0.0,-1173.13,,-0.3317339546421829
2023-08-26 00:00:00,Other,2815.0,0.0,1.0,1.0
2023-08-30 00:00:00,Travel,0.0,-3953.96,,-2.7018574001027806
2023-09-01 00:00:00,Entertainment,0.0,-3124.84,,-2.7585847251410156
2023-09-03 00:00:00,Food & Drink,0.0,-4992.12,,-3.3003501356579927
2023-09-07 00:00:00,Salary,0.0,-1813.99,,-1.4184127730293936
2023-09-09 00:00:00,Travel,0.0,-1692.38,,-0.8944500648335022
2023-09-11 00:00:00,Utilities,0.0,-4394.41,,-2.8065579031431707
2023-09-13 00:00:00,Rent,0.0,-3271.34,,-2.7550798936068865
2023-09-15 00:00:00,Investment,3626.0,-2397.37,0.3388389409817982,0.2793832567592617
2023-09-21 00:00:00,Utilities,0.0,-2193.78,,-2.3201597835575294
2023-09-23 00:00:00,Other,2740.0,-1156.8,0.5778102189781023,0.5675846808983475
2023-09-27 00:00:00,Investment,1560.0,0.0,1.0,1.0
2023-09-29 00:00:00,Shopping,0.0,-812.75,,-0.06577377137511174
2023-10-03 00:00:00,Entertainment,0.0,-1965.58,,-2.5331042357003084
2023-10-05 00:00:00,Health & Fitness,2353.0,-631.06,0.7318062048448789,0.6614260067956651
2023-10-07 00:00:00,Investment,4810.0,-1458.39,0.6968004158004157,0.703024425061577
2023-10-09 00:00:00,Health & Fitness,0.0,-1565.03,,-0.7150876530981846
2023-10-11 00:00:00,Health & Fitness,0.0,-1502.73,,-0.5212048772004929
2023-10-13 00:00:00,Investment,2164.0,-430.27,0.8011691312384474,0.7634410511422465
2023-10-15 00:00:00,Food & Drink,661.0,-1948.54,-1.9478668683812408,-1.9289497138475455
2023-10-17 00:00:00,Investment,3914.0,-1099.09,0.7191900868676545,0.7134973085512363
2023-10-27 00:00:00,Food & Drink,0.0,-1028.15,,-0.36234840656721995
2023-10-29 00:00:00,Investment,2815.0,-2912.37,-0.0345896980461811,0.026035432563573088
2023-11-04 00:00:00,Investment,7231.0,0.0,1.0,1.0
2023-11-08 00:00:00,Entertainment,0.0,-3877.77,,-2.887941048945547
2023-11-10 00:00:00,Rent,0.0,-3349.29,,-2.503673070359563
2023-11-12 00:00:00,Other,2393.0,0.0,1.0,0.9980917850552518
2023-11-14 00:00:00,Health & Fitness,823.0,-2140.79,-1.601202916160389,-1.644110068376009
2023-11-16 00:00:00,Rent,0.0,-199.05,,0.843185444309016
2023-11-18 00:00:00,Food & Drink,0.0,-29.25,,0.9470009305978755
2023-11-20 00:00:00,Investment,3192.0,-1910.63,0.4014317042606516,0.3258237220706498
2023-11-22 00:00:00,Rent,0.0,-3232.13,,-2.5382006013598013
2023-11-26 00:00:00,Salary,0.0,-6235.31,,-3.6747671251881853
2023-11-28 00:00:00,Other,601.0,-1858.3,-2.092013311148087,-1.7434898301739314
2023-12-04 00:00:00,Entertainment,0.0,-2999.02,,-2.929536965381754
2023-12-06 00:00:00,Rent,0.0,-871.37,,-0.07480618742688071
2023-12-08 00:00:00,Food & Drink,0.0,-1037.03,,-0.3084845251791906
2023-12-10 00:00:00,Rent,0.0,-3210.57,,-2.585729089990683
2023-12-12 00:00:00,Health & Fitness,0.0,-1940.59,,-2.3875258774954657
2023-12-14 00:00:00,Entertainment,3601.0,-166.87,0.9536600944182172,0.936788855888372
2023-12-18 00:00:00,Salary,0.0,-185.16,,0.8692149910490914
2023-12-20 00:00:00,Food & Drink,0.0,-460.49,,0.685026145453272
2023-12-22 00:00:00,Food & Drink,0.0,-3434.88,,-2.6698321390969992
2023-12-24 00:00:00,Salary,0.0,-1901.21,,-2.2110366411575564
2023-12-26 00:00:00,Food & Drink,0.0,-2759.71,,-2.6441083982401996
2023-12-28 00:00:00,Salary,0.0,-1687.43,,-0.8846504281455454
2024-01-01 00:00:00,Rent,0.0,-1201.0,,-0.3390307401103112
2024-01-03 00:00:00,Investment,5888.0,0.0,1.0,1.0
2024-01-07 00:00:00,Other,2266.0,0.0,1.0,1.0
2024-01-09 00:00:00,Entertainment,880.0,-2982.98,-2.38975,-2.4325775727473906
2024-01-11 00:00:00,Utilities,4045.0,-5164.29,-0.2767095179233622,-0.2670651415095291
2024-01-13 00:00:00,Health & Fitness,1348.0,-1013.18,0.2483827893175074,0.2468154803021432
2024-01-15 00:00:00,Entertainment,4696.0,-2892.25,0.3841034923339012,0.3870841500787304
2024-01-17 00:00:00,Entertainment,0.0,-409.77,,0.6819797785468833
2024-01-19 00:00:00,Utilities,0.0,-6945.349999999999,,-3.6683800522110626
2024-01-21 00:00:00,Shopping,0.0,-1351.74,,-0.3816474765473129
2024-01-23 00:00:00,Food & Drink,0.0,-2806.41,,-2.7067501576619257
2024-01-25 00:00:00,Investment,3851.0,-1911.24,0.5037029343027785,0.4654719272630047
2024-01-27 00:00:00,Entertainment,0.0,-2211.1800000000003,,-2.568893089152846
2024-01-29 00:00:00,Entertainment,0.0,-1026.74,,-0.3459499048028047
2024-01-31 00:00:00,Travel,0.0,-1388.94,,-0.39009858811197856
2024-02-06 00:00:00,Other,5837.0,-1932.01,0.6690063388727086,0.5310535533903085
2024-02-10 00:00:00,Entertainment,0.0,-4728.860000000001,,-2.9068223316377395
2024-02-14 00:00:00,Investment,3590.0,-1285.22,0.6419999999999999,0.6691987633769654
2024-02-16 00:00:00,Other,3210.0,0.0,1.0,0.9980917850552518
2024-02-18 00:00:00,Utilities,0.0,-89.48,,0.8840979419298625
2024-02-20 00:00:00,Food & Drink,0.0,-2690.82,,-2.5626567161721816
2024-02-22 00:00:00,Entertainment,0.0,-3457.42,,-2.8523031047536436
2024-02-24 00:00:00,Food & Drink,0.0,-2900.42,,-2.70169829442053
2024-02-26 00:00:00,Entertainment,0.0,-4497.08,,-3.0853144651887217
2024-02-28 00:00:00,Rent,0.0,-837.05,,-0.033950509630032426
2024-03-01 00:00:00,Health & Fitness,0.0,-1033.48,,-0.29526934066138366
2024-03-03 00:00:00,Salary,0.0,-97.26,,0.9279053346565151
2024-03-05 00:00:00,Entertainment,1871.0,-4055.37,-1.1674879743452695,-0.5342850456668891
2024-03-07 00:00:00,Food & Drink,0.0,-1538.1,,-0.5229602152971741
2024-03-11 00:00:00,Other,1077.0,0.0,1.0,0.9659998555481256
2024-03-13 00:00:00,Entertainment,0.0,-1822.86,,-1.5392838511130322
2024-03-15 00:00:00,Food & Drink,0.0,-2049.24,,-2.426679677688622
2024-03-17 00:00:00,Investment,1018.0,0.0,1.0,0.9705277901166118
2024-03-25 00:00:00,Food & Drink,0.0,-1404.76,,-0.40848701334190984
2024-03-27 00:00:00,Investment,2874.0,-1217.07,0.5765240083507307,0.5251150121174196
2024-03-29 00:00:00,Food & Drink,0.0,-3218.29,,-2.6137057452306123
2024-04-02 00:00:00,Travel,0.0,-1920.67,,-2.148246504321881
2024-04-04 00:00:00,Other,591.0,0.0,1.0,0.9643133159295002
2024-04-06 00:00:00,Other,4900.0,-255.24,0.9479102040816328,0.9022960410781797
2024-04-08 00:00:00,Health & Fitness,0.0,-1378.0,,-0.46704683741537406
2024-04-10 00:00:00,Investment,4996.0,-985.11,0.802820256204964,0.7873576049462698
2024-04-12 00:00:00,Investment,2117.0,0.0,1.0,1.0
2024-04-16 00:00:00,Entertainment,0.0,-4145.02,,-2.900482857049183
2024-04-18 00:00:00,Other,3091.0,0.0,1.0,1.0
2024-04-20 00:00:00,Entertainment,0.0,-1446.9,,-0.4462370573585502
2024-04-22 00:00:00,Other,4431.0,-1681.82,0.6204423380726699,0.6272935391858564
2024-04-24 00:00:00,Health & Fitness,0.0,-1551.79,,-0.5553414638855567
2024-04-26 00:00:00,Rent,0.0,-2078.62,,-2.231719301974084
2024-04-30 00:00:00,Investment,2656.0,0.0,1.0,1.0
2024-05-02 00:00:00,Food & Drink,0.0,-3084.74,,-2.581780203394905
2024-05-04 00:00:00,Entertainment,2329.0,-3401.24,-0.4603864319450407,-0.3766502263559485
2024-05-14 00:00:00,Entertainment,0.0,-2497.08,,-2.813633911291374
2024-05-16 00:00:00,Utilities,0.0,-1516.84,,-0.5060513499556669
2024-05-20 00:00:00,Investment,1967.0,0.0,1.0,0.9999468885422084
2024-05-22 00:00:00,Health & Fitness,0.0,-1564.92,,-0.7145202409580336
2024-05-24 00:00:00,Entertainment,0.0,-135.09,,0.8909979299500255
2024-05-26 00:00:00,Food & Drink,0.0,-2212.21,,-2.464981286942338
2024-05-30 00:00:00,Rent,0.0,-1410.44,,-0.39744542211120154
2024-06-01 00:00:00,Rent,0.0,-3469.11,,-2.656449344424202
2024-06-03 00:00:00,Entertainment,0.0,-2016.43,,-2.5894746720692026
2024-06-05 00:00:00,Food & Drink,0.0,-1008.66,,-0.27984940183406964
2024-06-07 00:00:00,Investment,2384.0,0.0,1.0,1.0
2024-06-09 00:00:00,Investment,5699.0,0.0,1.0,1.0
2024-06-11 00:00:00,Rent,0.0,-1325.61,,-0.4734431445007731
2024-06-13 00:00:00,Health & Fitness,0.0,-2461.23,,-2.409314673161671
2024-06-15 00:00:00,Food & Drink,1603.0,-1782.69,-0.1120960698689956,-0.010882567366310159
2024-06-17 00:00:00,Investment,2615.0,0.0,1.0,1.0
2024-06-21 00:00:00,Food & Drink,0.0,-4855.99,,-2.7386924193656474
2024-06-23 00:00:00,Salary,1669.0,-5634.35,-2.375883762732175,-0.7954486610641383
2024-07-01 00:00:00,Other,3657.0,0.0,1.0,0.9980917850552518
2024-07-05 00:00:00,Investment,2157.0,-1654.76,0.2328419100602689,0.3120773801548192
2024-07-07 00:00:00,Food & Drink,0.0,-4704.13,,-2.6878000900484915
2024-07-13 00:00:00,Food & Drink,0.0,-2447.18,,-2.6361090092315655
2024-07-15 00:00:00,Salary,0.0,-1581.22,,-0.7408477822051964
2024-07-19 00:00:00,Rent,0.0,-856.72,,-0.06829315008390037
2024-07-21 00:00:00,Entertainment,2611.0,-1821.07,0.3025392569896591,0.29227636117000444
2024-07-23 00:00:00,Investment,8352.0,0.0,1.0,1.0
2024-07-25 00:00:00,Shopping,2577.0,-3835.33,-0.4882925882809468,-0.42131309399907696
2024-07-27 00:00:00,Utilities,0.0,-4885.39,,-2.7609748181330205
2024-07-29 00:00:00,Food & Drink,0.0,-5930.28,,-3.619564067810423
2024-07-31 00:00:00,Food & Drink,0.0,-1451.74,,-0.4112306538724641
2024-08-02 00:00:00,Food & Drink,0.0,-4404.86,,-2.919117161680343
2024-08-08 00:00:00,Entertainment,0.0,-1720.35,,-0.9306614230329473
2024-08-10 00:00:00,Investment,1211.0,0.0,1.0,0.9792297158754631
2024-08-14 00:00:00,Entertainment,0.0,-4293.67,,-2.9485357891120447
2024-08-22 00:00:00,Entertainment,538.0,-1216.66,-1.261449814126394,-0.3584483256352191
2024-08-24 00:00:00,Other,4906.0,-1703.94,0.6526824296779453,0.618010997294883
2024-08-26 00:00:00,Salary,0.0,-2933.67,,-2.4458285157865065
2024-08-28 00:00:00,Food & Drink,0.0,-3606.48,,-2.732023837851077
2024-08-30 00:00:00,Entertainment,0.0,-1602.32,,-0.7571006068176143
2024-09-01 00:00:00,Health & Fitness,2533.0,-1037.84,0.590272404263719,0.5731829618341783
2024-09-05 00:00:00,Entertainment,3396.0,-3840.97,-0.131027679623086,-0.1036391083715575
2024-09-07 00:00:00,Entertainment,2674.0,-1671.53,0.3748952879581152,0.4120288316603064
2024-09-09 00:00:00,Health & Fitness,0.0,-320.43,,0.6970852630702112
2024-09-13 00:00:00,Investment,4535.0,0.0,1.0,1.0
2024-09-15 00:00:00,Food & Drink,0.0,-2687.3,,-2.532514531786078
2024-09-17 00:00:00,Travel,0.0,-3786.14,,-2.670857916825349
2024-09-21 00:00:00,Other,3725.0,-919.82,0.7530684563758389,0.7322494307201469
2024-09-23 00:00:00,Food & Drink,3085.0,-1351.47,0.5619222042139383,0.595941390115455
2024-09-25 00:00:00,Travel,0.0,-1988.03,,-2.1527214520436573
2024-09-27 00:00:00,Health & Fitness,0.0,-1780.41,,-1.2239971004825598
2024-10-01 00:00:00,Shopping,2372.0,-2576.76,-0.0863237774030355,-0.22289948686984767
2024-10-03 00:00:00,Other,9078.0,-951.24,0.8952148050231329,0.829073109267302
2024-10-07 00:00:00,Food & Drink,0.0,-1241.6,,-0.4015983168075763
2024-10-09 00:00:00,Health & Fitness,0.0,-2327.06,,-2.4183248778115036
2024-10-11 00:00:00,Entertainment,0.0,-2894.0,,-2.82058204744683
2024-10-15 00:00:00,Utilities,0.0,-1958.95,,-2.3722905539310104
2024-10-17 00:00:00,Health & Fitness,0.0,-4062.89,,-2.894633693120176
2024-10-19 00:00:00,Shopping,0.0,-2550.99,,-2.664696423282218
2024-10-21 00:00:00,Health & Fitness,0.0,-2022.74,,-2.4459403759173775
2024-10-23 00:00:00,Salary,0.0,-2397.98,,-2.605669811129822
2024-10-27 00:00:00,Investment,1524.0,0.0,1.0,0.9999468885422084
2024-10-31 00:00:00,Travel,0.0,-1881.47,,-1.9755033827117143
2024-11-02 00:00:00,Rent,0.0,-628.46,,0.15839803561341895
2024-11-10 00:00:00,Rent,0.0,-1529.9399999999998,,-0.5219862256438536
2024-11-12 00:00:00,Salary,3898.0,-3673.33,0.0576372498717291,-0.007221639507667123
2024-11-14 00:00:00,Investment,4240.0,-1101.61,0.740186320754717,0.7277481097428661
2024-11-16 00:00:00,Entertainment,500.0,-5312.11,-9.62422,-3.6800646590585955
2024-11-18 00:00:00,Food & Drink,0.0,-2679.21,,-2.5981955160446626
2024-11-20 00:00:00,Health & Fitness,0.0,-1583.3,,-0.738535096577139
2024-11-22 00:00:00,Other,3599.0,-795.56,0.7789497082522924,0.7522457119793108
2024-11-24 00:00:00,Travel,4209.0,-2924.03,0.3052910430030887,0.26893946954522435
2024-11-26 00:00:00,Investment,4882.0,0.0,1.0,1.0
2024-11-28 00:00:00,Investment,2811.0,0.0,1.0,1.0
2024-11-30 00:00:00,Salary,0.0,-1456.94,,-0.5051842632222432
2024-12-02 00:00:00,Utilities,0.0,-39.3,,0.927913957598586
2024-12-04 00:00:00,Shopping,0.0,-630.04,,0.16620123218964547
2024-12-06 00:00:00,Health & Fitness,0.0,-932.73,,-0.13333748505177243
2024-12-08 00:00:00,Health & Fitness,0.0,-169.64,,0.8707043906407751
2024-12-10 00:00:00,Utilities,0.0,-121.52,,0.9108975387157972
2024-12-12 00:00:00,Other,3625.0,-1090.95,0.699048275862069,0.6482697298591199
2024-12-14 00:00:00,Rent,0.0,-1949.45,,-2.220819620987126
2024-12-16 00:00:00,Shopping,0.0,-1544.74,,-0.5411334348972696
2024-12-18 00:00:00,Food & Drink,0.0,-1453.44,,-0.41161414290583037
2024-12-20 00:00:00,Salary,0.0,-784.35,,0.038931532415178355
2024-12-22 00:00:00,Health & Fitness,0.0,-325.64,,0.6886448002934443
2024-12-28 00:00:00,Entertainment,2905.0,-1897.12,0.3469466437177281,0.288484982855724
