Date,Source,Actual,Predicted
2022-01-10 00:00:00,original,1.0,0.6010881533207941
2022-02-01 00:00:00,original,1.0,-0.5381283776389061
2022-02-03 00:00:00,original,0.9880382775119616,-0.5381283776389061
2022-02-05 00:00:00,original,0.9760765550239234,-0.5381283776389061
2022-02-07 00:00:00,original,0.9367703349282296,-0.5381283776389061
2022-02-09 00:00:00,original,1.0,-0.5381283776389061
2022-02-11 00:00:00,original,1.0,-0.5381283776389061
2022-10-03 00:00:00,original,1.0,-0.34116782667238804
2022-12-08 00:00:00,original,1.0,-0.8324257057512218
2022-12-16 00:00:00,synthetic,1.0,0.9406714083087075
2022-12-20 00:00:00,synthetic,1.0,1.0525822900666453
2022-12-22 00:00:00,synthetic,0.4979041496279114,0.4182232864018528
2022-12-28 00:00:00,synthetic,1.0,0.7120317721334892
2023-01-03 00:00:00,synthetic,1.0,1.1580125069812988
2023-01-05 00:00:00,synthetic,1.0,1.030604679283239
2023-01-07 00:00:00,synthetic,0.7120311083489654,-0.5381681888383464
2023-01-09 00:00:00,synthetic,0.7405098227588397,-0.47752920966354273
2023-01-19 00:00:00,synthetic,1.0,-0.5381622617968683
2023-01-29 00:00:00,synthetic,1.0,1.4827743540092888
2023-01-31 00:00:00,synthetic,1.0,-0.5381287375201506
2023-02-12 00:00:00,synthetic,1.0,-0.45075723838332926
2023-02-16 00:00:00,synthetic,1.0,-0.538139518451457
2023-02-18 00:00:00,synthetic,0.8426551222272466,0.7570542250794461
2023-02-20 00:00:00,synthetic,0.0037660860324787,-0.8777297587309147
2023-02-22 00:00:00,synthetic,-0.8832508659079665,0.2161773829348972
2023-02-24 00:00:00,synthetic,1.0,-0.5379189921797687
2023-03-02 00:00:00,synthetic,1.0,-0.5381798341447985
2023-03-04 00:00:00,synthetic,1.0,-0.5381311668888281
2023-03-08 00:00:00,synthetic,0.5058943407576553,-0.5387482658473021
2023-03-20 00:00:00,synthetic,1.0,-0.5381547631206561
2023-03-22 00:00:00,synthetic,0.247853742985476,0.22921216130923927
2023-03-26 00:00:00,synthetic,1.0,0.4149659981929912
2023-04-07 00:00:00,synthetic,1.0,-0.23302481234989325
2023-04-09 00:00:00,synthetic,0.6238268582835773,-0.5381309772299546
2023-04-11 00:00:00,synthetic,1.0,1.0295159470250326
2023-04-13 00:00:00,synthetic,1.0,1.1659608757852493
2023-04-21 00:00:00,synthetic,1.0,-0.5383467889149351
2023-04-23 00:00:00,synthetic,0.1339812794903783,0.10552424294029494
2023-04-27 00:00:00,synthetic,-0.05802059144215,-0.5285910085086512
2023-05-01 00:00:00,synthetic,0.4385190603179218,0.2482731844863445
2023-05-03 00:00:00,synthetic,0.4464391020251564,0.48363892970047506
2023-05-05 00:00:00,synthetic,1.0,-0.5381303817444234
2023-05-07 00:00:00,synthetic,0.6108580161209456,-0.49004532597370404
2023-05-13 00:00:00,synthetic,0.4645078862424411,1.1471186784558027
2023-05-21 00:00:00,synthetic,1.0,-0.33442277793879316
2023-06-02 00:00:00,synthetic,1.0,0.7538060455688294
2023-06-08 00:00:00,synthetic,0.5874440001636965,0.5871415693843376
2023-06-14 00:00:00,synthetic,1.0,-0.5381803920578424
2023-06-22 00:00:00,synthetic,1.0,0.11464590393143814
2023-06-24 00:00:00,synthetic,0.1810361562727493,-0.5389450183512202
2023-06-30 00:00:00,synthetic,1.0,-0.5561348246184854
2023-07-12 00:00:00,synthetic,1.0,-0.5381405002529717
2023-07-24 00:00:00,synthetic,0.9108958354495572,1.0340613227065956
2023-08-05 00:00:00,synthetic,1.0,0.8991695649759257
2023-08-07 00:00:00,synthetic,0.2175766611075273,0.2640968856251964
2023-08-09 00:00:00,synthetic,0.7680160886975232,-0.534114147224258
2023-08-11 00:00:00,synthetic,1.0,-0.5381262731317985
2023-08-15 00:00:00,synthetic,0.3584853089518778,-0.5380160757287887
2023-08-17 00:00:00,synthetic,0.543437764019889,0.44837997011227393
2023-08-23 00:00:00,synthetic,0.5103613677829438,0.44585316990908896
2023-08-25 00:00:00,synthetic,1.0,0.27253909317295544
2023-08-27 00:00:00,synthetic,0.2979792785194632,0.39671875811866153
2023-08-31 00:00:00,synthetic,0.5810990269753156,0.27686345099933285
2023-09-02 00:00:00,synthetic,0.4243026836779586,0.11075945184739444
2023-09-06 00:00:00,synthetic,0.5404449534916007,0.612624385267859
2023-09-08 00:00:00,synthetic,1.0,0.38826135025837827
2023-09-10 00:00:00,synthetic,1.0,0.2615673147353661
2023-09-18 00:00:00,synthetic,1.0,-0.5381420627016811
2023-09-22 00:00:00,synthetic,1.0,-0.5381523081393507
2023-09-26 00:00:00,synthetic,0.5276575766458171,0.5635320369851733
2023-09-28 00:00:00,synthetic,0.7623659762119785,0.8888375696327724
2023-10-02 00:00:00,synthetic,0.2117862122027271,0.07668178573919748
2023-10-08 00:00:00,synthetic,1.0,-0.5837677036362909
2023-10-12 00:00:00,synthetic,1.0,1.0324444287145793
2023-10-16 00:00:00,synthetic,1.0,-0.6209953062071651
2023-10-30 00:00:00,synthetic,1.0,-0.538139635212209
2023-11-05 00:00:00,synthetic,1.0,0.9761070815655193
2023-11-07 00:00:00,synthetic,0.1854442740342708,0.12393783827293836
2023-11-11 00:00:00,synthetic,0.5574983868314839,0.23251146828525615
2023-11-15 00:00:00,synthetic,0.0743883007948427,0.5676794159644434
2023-11-23 00:00:00,synthetic,1.0,-0.5327381077159022
2023-11-25 00:00:00,synthetic,1.0,0.1706194229320983
2023-12-01 00:00:00,synthetic,1.0,-0.5382639018354864
2023-12-03 00:00:00,synthetic,1.0,-0.5454085988164366
2023-12-19 00:00:00,synthetic,1.0,0.9960756904758457
2023-12-23 00:00:00,synthetic,0.4836133119307793,0.05214717167060745
2023-12-25 00:00:00,synthetic,0.7583969223433685,-0.08566620049103923
2023-12-31 00:00:00,synthetic,0.7856919761091525,-0.5369042689729022
2024-01-06 00:00:00,synthetic,1.0,0.9001075525245033
2024-01-14 00:00:00,synthetic,1.0,1.0715811088265224
2024-01-20 00:00:00,synthetic,-0.1044129116915548,0.3703308955927427
2024-01-24 00:00:00,synthetic,1.0,0.4544978062680275
2024-02-01 00:00:00,synthetic,1.0,1.2863271955919207
2024-02-03 00:00:00,synthetic,1.0,-0.5381344298848082
2024-02-11 00:00:00,synthetic,1.0,-0.5381228899469171
2024-02-15 00:00:00,synthetic,1.0,0.3322351728585087
2024-02-17 00:00:00,synthetic,0.3709474872235072,-0.3044011730933551
2024-02-21 00:00:00,synthetic,0.7579888728327141,-0.34934543113426786
2024-02-27 00:00:00,synthetic,1.0,1.0639299034837935
2024-03-08 00:00:00,synthetic,1.0,0.7512247772632479
2024-03-14 00:00:00,synthetic,1.0,-0.5382766166567191
2024-03-22 00:00:00,synthetic,1.0,-0.5381340375990251
2024-04-01 00:00:00,synthetic,1.0,0.036868158395077844
2024-04-03 00:00:00,synthetic,-0.2992739155101684,-1.0158959110153107
2024-04-05 00:00:00,synthetic,0.3877438378950552,-0.537928553002664
2024-04-19 00:00:00,synthetic,1.0,0.43734707895471536
2024-04-21 00:00:00,synthetic,0.1205642383390292,-0.5424268848491982
2024-04-23 00:00:00,synthetic,0.5391164725260401,-0.47271169300938665
2024-05-01 00:00:00,synthetic,0.0846280581784682,0.17885810909183564
2024-05-07 00:00:00,synthetic,1.0,-0.5382164198693071
2024-05-09 00:00:00,synthetic,0.6795394105924681,-0.39038466471205313
2024-05-11 00:00:00,synthetic,0.2888456537010925,-0.45343465542150074
2024-05-13 00:00:00,synthetic,1.0,-0.5091427938482629
2024-05-21 00:00:00,synthetic,1.0,-0.6572770627778632
2024-05-25 00:00:00,synthetic,0.5642231882331924,-0.004962054245504888
2024-05-29 00:00:00,synthetic,0.3775257274577316,0.5293328567628699
2024-06-02 00:00:00,synthetic,1.0,-0.5380314863737139
2024-06-04 00:00:00,synthetic,0.0220444996825311,0.011485579056283113
2024-06-22 00:00:00,synthetic,1.0,0.7534346379727608
2024-07-08 00:00:00,synthetic,1.0,-0.5383407156129942
2024-07-14 00:00:00,synthetic,1.0,-0.5382142833489925
2024-07-16 00:00:00,synthetic,0.6504302117732602,-0.5381324772762617
2024-07-18 00:00:00,synthetic,0.3363171641791044,0.7373919190512028
2024-07-22 00:00:00,synthetic,1.0,-0.5383684932349797
2024-08-03 00:00:00,synthetic,1.0,-0.6396003836509551
2024-08-05 00:00:00,synthetic,0.5272517473864738,0.15538550425806752
2024-08-19 00:00:00,synthetic,1.0,0.9818621594653736
2024-08-21 00:00:00,synthetic,0.4932767703186547,0.4282188203150169
2024-08-23 00:00:00,synthetic,0.4764316855873123,-0.3990246049992892
2024-08-27 00:00:00,synthetic,1.0,-0.5381194755491013
2024-09-08 00:00:00,synthetic,1.0,-0.5383031163651509
2024-09-14 00:00:00,synthetic,1.0,-0.5381491493552889
2024-09-16 00:00:00,synthetic,1.0,-0.5888482521981387
2024-09-22 00:00:00,synthetic,1.0,0.6328717699714128
2024-09-28 00:00:00,synthetic,1.0,-0.5381253157850582
2024-10-08 00:00:00,synthetic,1.0,-0.7190559915242387
2024-10-16 00:00:00,synthetic,1.0,-0.4240217733917008
2024-10-20 00:00:00,synthetic,1.0,-0.5383786759469258
2024-10-22 00:00:00,synthetic,0.7437758321479772,-0.5385370721813244
2024-10-26 00:00:00,synthetic,-0.0684178067536782,-0.5636962314794245
2024-10-28 00:00:00,synthetic,-0.1693511081206105,-0.049361405527188984
2024-11-09 00:00:00,synthetic,1.0,0.9080692563001034
2024-11-11 00:00:00,synthetic,1.0,-0.5383801432971126
2024-11-13 00:00:00,synthetic,0.327829023069813,-0.5381372903411564
2024-11-15 00:00:00,synthetic,0.3398193760262725,0.39261426663599464
2024-11-19 00:00:00,synthetic,0.3413898885334815,-0.23638930049300277
2024-11-23 00:00:00,synthetic,-0.2044407085304566,0.20481500851100398
2024-11-27 00:00:00,synthetic,0.5942496110589883,-0.5372841624572228
2024-12-03 00:00:00,synthetic,0.2738393551493007,0.23430160057287663
2024-12-07 00:00:00,synthetic,1.0,-0.4989628684179223
2024-12-09 00:00:00,synthetic,0.4808903920291925,0.1072615036078679
2024-12-13 00:00:00,synthetic,0.3233383300003672,-0.5092715319370867
2024-12-17 00:00:00,synthetic,-7.408386755423213,-3.7341831117004523
2024-12-29 00:00:00,synthetic,1.0,1.4100943777528052
2024-12-31 00:00:00,synthetic,1.0,-0.5382723389045183
2025-01-06 00:00:00,synthetic,1.0,0.02564099605894221
2025-01-12 00:00:00,synthetic,1.0,-0.5381374879571882
2025-01-24 00:00:00,synthetic,1.0,1.0210489764319488
2025-01-30 00:00:00,synthetic,1.0,1.0840157304227733
2025-02-05 00:00:00,synthetic,0.6947602994114622,0.9859927045203511
2025-02-13 00:00:00,synthetic,1.0,0.3799683914097223
2025-02-15 00:00:00,synthetic,1.0,-0.5381072314372722
2025-02-17 00:00:00,synthetic,-0.4640772279348757,-0.5378859785009039
2025-02-21 00:00:00,synthetic,1.0,-0.538129058219527
2025-02-23 00:00:00,synthetic,0.2480044058571983,-0.5856365579975429
2025-03-05 00:00:00,synthetic,0.3174007475114927,0.3061573281144385
2025-03-11 00:00:00,synthetic,1.0,-0.5381926792252045
2025-03-15 00:00:00,synthetic,1.0,-0.5382084751849985
2025-03-17 00:00:00,synthetic,0.5379650397228841,-0.5302560951855776
2025-03-23 00:00:00,synthetic,1.0,-0.5381330024623326
2025-03-31 00:00:00,synthetic,1.0,-0.14057986607491846
2025-04-04 00:00:00,synthetic,1.0,0.943160611513157
2025-04-10 00:00:00,synthetic,1.0,-0.5381457002428056
2025-04-12 00:00:00,synthetic,1.0,0.1487400372069878
2025-04-20 00:00:00,synthetic,1.0,0.16022412238053496
2025-04-22 00:00:00,synthetic,0.1783834694858241,-0.5128497498765616
2025-04-26 00:00:00,synthetic,1.0,-0.5381137728115847
2025-04-28 00:00:00,synthetic,1.0,-0.538117322938171
2025-04-30 00:00:00,synthetic,0.4324146657414827,-0.16695360685794086
2025-05-10 00:00:00,synthetic,1.0,1.192715038761037
2025-05-12 00:00:00,synthetic,0.7230922469441199,0.9067275417270031
2025-05-14 00:00:00,synthetic,0.520058577701153,0.4094719703473253
2025-05-16 00:00:00,synthetic,1.0,-0.32368545199618814
2025-05-28 00:00:00,synthetic,1.0,0.5080034658219552
2025-05-30 00:00:00,synthetic,1.0,0.3435487760081849
2025-06-01 00:00:00,synthetic,0.2077384541487393,0.04156414687485599
2025-06-05 00:00:00,synthetic,0.7862417973806489,-0.537910430328931
2025-06-11 00:00:00,synthetic,1.0,-0.6269171508946836
2025-06-21 00:00:00,synthetic,1.0,-0.5139195015982115
2025-06-23 00:00:00,synthetic,0.6290992459481307,0.6279852336757614
2025-06-27 00:00:00,synthetic,0.618237928113276,-0.5064981739759975
2025-07-03 00:00:00,synthetic,1.0,-0.5384258286026987
2025-07-05 00:00:00,synthetic,0.8019273530934784,1.6144589965988752
2025-07-11 00:00:00,synthetic,1.0,1.0330334299066697
2025-07-17 00:00:00,synthetic,1.0,-0.454637165443601
2025-07-21 00:00:00,synthetic,0.6194588494505199,0.5986401906238452
2025-07-23 00:00:00,synthetic,-0.1580847759043739,0.29867317205063626
2025-07-27 00:00:00,synthetic,1.0,-0.5381552699206934
2025-08-08 00:00:00,synthetic,1.0,-0.12561521726095226
2025-08-14 00:00:00,synthetic,0.4952155882958994,-0.5379503564377566
2025-08-18 00:00:00,synthetic,1.0,0.7550854799024573
2025-08-20 00:00:00,synthetic,0.7010463447525022,-0.2657361106520221
2025-08-22 00:00:00,synthetic,1.0,-0.5183110380056704
2025-08-24 00:00:00,synthetic,0.029038494232788,-0.5376758903394543
2025-09-01 00:00:00,synthetic,1.0,0.6052777410620733
2025-09-07 00:00:00,synthetic,1.0,-0.021523902554699048
2025-09-09 00:00:00,synthetic,0.1889806797236551,0.011222957590805938
2025-09-13 00:00:00,synthetic,1.0,0.6432940088176828
2025-09-17 00:00:00,synthetic,1.0,0.003764042064186568
2025-09-21 00:00:00,synthetic,1.0,-0.7110793029704738
2025-09-27 00:00:00,synthetic,1.0,-0.12461839827276794
2025-10-03 00:00:00,synthetic,1.0,-0.5381408523318165
2025-10-07 00:00:00,synthetic,0.2510768033212247,0.7659787430743459
2025-10-11 00:00:00,synthetic,0.6257021238323701,0.45425709006173354
2025-10-17 00:00:00,synthetic,1.0,0.8488976109804252
2025-10-19 00:00:00,synthetic,1.0,-0.5380921015924884
2025-10-21 00:00:00,synthetic,-0.9194412775927536,-0.13503005649064903
2025-10-27 00:00:00,synthetic,1.0,0.6284345882919145
2025-10-31 00:00:00,synthetic,1.0,0.06713243550576298
2025-11-02 00:00:00,synthetic,0.5206560049871725,-0.4979764860058233
2025-11-12 00:00:00,synthetic,1.0,-0.5379756200199519
2025-11-20 00:00:00,synthetic,0.5282061297736717,-0.5428961123724021
2025-12-04 00:00:00,synthetic,1.0,0.8741000493487432
2025-12-10 00:00:00,synthetic,1.0,0.13908978901227964
2025-12-12 00:00:00,synthetic,0.7869347019562165,-0.023054927859020635
2025-12-16 00:00:00,synthetic,0.2778627981476256,0.2568380376819196
2025-12-22 00:00:00,synthetic,1.0,0.4375045711116752
2025-12-28 00:00:00,synthetic,1.0,-0.5862142658853172
2026-01-05 00:00:00,synthetic,1.0,1.0638534310863978
2026-01-11 00:00:00,synthetic,1.0,-0.5382676647897974
2026-01-13 00:00:00,synthetic,1.0,0.2777283156461099
2026-01-21 00:00:00,synthetic,1.0,-0.6918936445965496
2026-01-29 00:00:00,synthetic,1.0,1.0127039846165686
2026-01-31 00:00:00,synthetic,0.3054572118780168,0.9246304034892958
2026-02-02 00:00:00,synthetic,1.0,1.0580111444471803
2026-02-04 00:00:00,synthetic,-0.0961695833762707,-0.33595333599919897
2026-02-06 00:00:00,synthetic,1.0,0.977503797238642
2026-02-14 00:00:00,synthetic,0.3213385465704696,0.32798354445237665
2026-02-16 00:00:00,synthetic,0.0627149173080072,-0.26276136026148034
2026-02-18 00:00:00,synthetic,0.666319499322551,-0.1916018699616407
2026-02-26 00:00:00,synthetic,1.0,0.3225161996212078
2026-03-02 00:00:00,synthetic,1.0,0.9893777972836542
2026-03-04 00:00:00,synthetic,0.4053831296413467,-0.5388873340688588
2026-03-08 00:00:00,synthetic,0.2805716824190806,0.7004298221669862
2026-03-10 00:00:00,synthetic,1.0,-0.5217542495318499
2026-03-14 00:00:00,synthetic,0.4151468274033318,0.04365188760349592
2026-03-20 00:00:00,synthetic,1.0,0.8710869900310947
2026-03-30 00:00:00,synthetic,1.0,0.6114149529536088
2026-04-05 00:00:00,synthetic,-0.2066821542765788,-0.45267821149300547
2026-04-07 00:00:00,synthetic,1.0,-0.5380800574264155
2026-04-27 00:00:00,synthetic,1.0,-0.5424550346640233
2026-05-01 00:00:00,synthetic,0.9097667166453604,1.466714411965343
2026-05-11 00:00:00,synthetic,0.3892945813712856,-0.5381195130348423
2026-05-15 00:00:00,synthetic,1.0,0.6197896782461483
2026-05-19 00:00:00,synthetic,0.5766857348768073,-0.5416456101853269
2026-05-23 00:00:00,synthetic,1.0,1.0120006771243093
2026-05-25 00:00:00,synthetic,0.2883811551624714,0.4702914881271434
2026-05-27 00:00:00,synthetic,0.4450606917683106,0.17371570920775348
2026-06-04 00:00:00,synthetic,1.0,-0.5381410657698368
2026-06-06 00:00:00,synthetic,0.483428462406792,0.04085649078858089
2026-06-10 00:00:00,synthetic,1.0,-0.6016744234547405
2026-06-18 00:00:00,synthetic,1.0,-0.5504584329275338
2026-06-22 00:00:00,synthetic,1.0,1.1420171983700387
2026-06-24 00:00:00,synthetic,1.0,0.8375034990747456
2026-06-26 00:00:00,synthetic,0.4106042451215337,-0.5381655639714833
2026-06-30 00:00:00,synthetic,0.7429052246895813,0.5147296468958606
2026-07-06 00:00:00,synthetic,1.0,0.3994284490353197
2026-07-08 00:00:00,synthetic,1.0,-0.5380849353269334
2026-07-10 00:00:00,synthetic,0.2793431578115469,-0.5338733343863634
2026-07-14 00:00:00,synthetic,0.2959960393588712,-0.4770496741333218
2026-07-24 00:00:00,synthetic,1.0,-0.5380180427419954
2026-07-30 00:00:00,synthetic,1.0,1.0166766170703592
2026-08-03 00:00:00,synthetic,0.2095493816075637,0.2083759882793368
2026-08-05 00:00:00,synthetic,1.0,-0.5380913487394153
2026-08-07 00:00:00,synthetic,0.853810929306244,0.6666269992806195
2026-08-11 00:00:00,synthetic,0.1507094902582767,0.1280993741122891
2026-08-19 00:00:00,synthetic,-0.0857418544788753,-0.5381066467832792
2026-08-21 00:00:00,synthetic,1.0,-0.537998762404373
2026-09-12 00:00:00,synthetic,1.0,-0.5384846645949034
2026-09-20 00:00:00,synthetic,1.0,-0.5385973596740959
2026-09-24 00:00:00,synthetic,1.0,-0.5383970966025221
2026-09-28 00:00:00,synthetic,1.0,-0.538094061045821
2026-10-08 00:00:00,synthetic,1.0,-0.5382285495893865
2026-10-18 00:00:00,synthetic,1.0,0.3503422548275873
2026-10-22 00:00:00,synthetic,1.0,-0.6023805707559624
2026-10-28 00:00:00,synthetic,1.0,-0.5380874321642596
2026-10-30 00:00:00,synthetic,1.0,-0.5381303317603608
2026-11-01 00:00:00,synthetic,0.073642080647948,-0.8961889294695271
2026-11-03 00:00:00,synthetic,-0.3127811162480655,-0.45958683519749427
2026-11-05 00:00:00,synthetic,1.0,-0.5381189662895237
2026-11-07 00:00:00,synthetic,-0.0930469424207758,-1.0365364175493692
2026-11-15 00:00:00,synthetic,1.0,-0.5036320998073194
2026-11-17 00:00:00,synthetic,0.4309034436051595,0.32364301979337595
2026-11-19 00:00:00,synthetic,0.443129275126395,0.6105982742176368
2026-11-23 00:00:00,synthetic,0.6097071403436604,0.7157551938984343
2026-11-27 00:00:00,synthetic,0.6283558903550832,0.08197565364797466
2026-11-29 00:00:00,synthetic,0.6274385636671105,-0.08291473792707604
2026-12-03 00:00:00,synthetic,0.1008891199694773,0.3608750466511649
2026-12-07 00:00:00,synthetic,1.0,-0.6205915577851541
2026-12-09 00:00:00,synthetic,1.0,-0.532401330241503
2026-12-11 00:00:00,synthetic,-0.3655538952776844,-0.49065599752812816
2026-12-15 00:00:00,synthetic,0.747622115596548,0.8525055392353711
2026-12-19 00:00:00,synthetic,0.4216963537945741,0.9396422765301349
2027-01-02 00:00:00,synthetic,1.0,-0.5384198106825415
2027-01-06 00:00:00,synthetic,0.0281177149658371,-0.05831011727363111
2027-01-10 00:00:00,synthetic,1.0,0.36815917636119255
2027-01-12 00:00:00,synthetic,1.0,-0.5380817454997765
2027-01-14 00:00:00,synthetic,0.6364152362716269,0.9925230974109298
2027-01-16 00:00:00,synthetic,0.449177843310904,0.6757229296669816
2027-01-22 00:00:00,synthetic,1.0,-0.3013913246963011
2027-01-30 00:00:00,synthetic,1.0,1.1958695178188918
2027-02-03 00:00:00,synthetic,0.3185894794671062,0.21600973444081084
2027-02-09 00:00:00,synthetic,1.0,0.7697528928501429
2027-02-11 00:00:00,synthetic,1.0,-0.5380995984189012
2027-02-15 00:00:00,synthetic,1.0,-0.5381213024903901
2027-02-17 00:00:00,synthetic,1.0,-0.5381240181567527
2027-02-25 00:00:00,synthetic,1.0,0.9742685046797219
2027-03-09 00:00:00,synthetic,1.0,0.9484178322152308
2027-03-11 00:00:00,synthetic,1.0,0.9720836004169895
2027-03-25 00:00:00,synthetic,1.0,-0.5383133267339789
2027-03-29 00:00:00,synthetic,0.6295597327738548,0.9263153087881375
2027-04-02 00:00:00,synthetic,0.7465092993746252,0.7444314774984147
2027-04-08 00:00:00,synthetic,1.0,0.967082221370787
2027-04-12 00:00:00,synthetic,1.0,0.9633094874632493
2027-04-20 00:00:00,synthetic,1.0,0.9992658651068944
2027-04-22 00:00:00,synthetic,0.6245430934531719,0.6753808493320026
2027-04-24 00:00:00,synthetic,1.0,-0.5198014503814681
2027-04-26 00:00:00,synthetic,-0.6937892633489189,-0.5377296012665028
2027-04-28 00:00:00,synthetic,1.0,0.464027383619104
2027-05-22 00:00:00,synthetic,1.0,0.6554176295189937
2027-05-28 00:00:00,synthetic,0.6520684479949047,0.6546056566208391
2027-06-05 00:00:00,synthetic,1.0,-0.5381255888739926
2027-06-07 00:00:00,synthetic,0.1834841369831634,0.24366604979675788
2027-06-13 00:00:00,synthetic,0.37855113446177,0.4215448116065803
2027-06-15 00:00:00,synthetic,0.2566274172915129,-0.5381145757920502
2027-06-21 00:00:00,synthetic,0.2225551917231387,-1.053065205949691
2027-06-25 00:00:00,synthetic,0.5138432701824456,0.8708852847297581
2027-06-27 00:00:00,synthetic,0.4547504852436889,-0.35292606709996255
2027-07-07 00:00:00,synthetic,1.0,-0.5383051921180513
2027-07-17 00:00:00,synthetic,1.0,0.07044987092193677
2027-07-29 00:00:00,synthetic,0.2881641233718503,0.38982725006970487
2027-08-02 00:00:00,synthetic,1.0,0.11908225450043342
2027-08-12 00:00:00,synthetic,1.0,-0.5379802222748503
2027-08-18 00:00:00,synthetic,1.0,-0.5381350514986012
2027-08-20 00:00:00,synthetic,0.7022151716099936,-0.38995468134036027
2027-08-28 00:00:00,synthetic,1.0,-0.5380616968649482
2027-09-01 00:00:00,synthetic,0.3797075087793835,0.491108693484837
2027-09-09 00:00:00,synthetic,0.2863594157132397,-0.5384764300088837
2027-09-11 00:00:00,synthetic,0.0945101807916391,-0.5392861497445267
2027-09-25 00:00:00,synthetic,1.0,1.2367347086014273
2027-10-01 00:00:00,synthetic,1.0,0.08215259601121327
2027-10-03 00:00:00,synthetic,1.0,-0.5381388364441386
2027-10-07 00:00:00,synthetic,0.75319346915811,0.2608217037504492
2027-10-15 00:00:00,synthetic,0.5356586652100829,0.6287116075922663
2027-10-25 00:00:00,synthetic,1.0,-0.5381360557645816
2027-11-10 00:00:00,synthetic,1.0,-0.5382634531844736
2027-11-14 00:00:00,synthetic,0.2760407593291578,-0.5381268064678619
2027-11-16 00:00:00,synthetic,0.2238895215627013,-0.4155017824122584
2027-11-18 00:00:00,synthetic,0.0691753691033488,0.010652074690531754
2027-11-20 00:00:00,synthetic,1.0,-0.537987237071169
2027-11-24 00:00:00,synthetic,0.6636909842230241,0.6227383211368982
2027-12-16 00:00:00,synthetic,1.0,0.8334949206451838
2027-12-22 00:00:00,synthetic,1.0,-0.6134034986720796
2027-12-28 00:00:00,synthetic,1.0,-0.5381312592099696
2027-12-30 00:00:00,synthetic,0.6346664352485409,-0.5377447250629088
2028-01-03 00:00:00,synthetic,1.0,-0.5381322431533185
2028-01-05 00:00:00,synthetic,1.0,-0.5381441915572045
2028-01-07 00:00:00,synthetic,1.0,1.3157900914239116
2028-01-13 00:00:00,synthetic,1.0,-0.5382587179787053
2028-01-23 00:00:00,synthetic,1.0,0.007566485224973718
2028-01-31 00:00:00,synthetic,1.0,-0.5381579853322669
2028-02-04 00:00:00,synthetic,0.4483297301883094,0.37516969329164884
2028-02-08 00:00:00,synthetic,0.2119095113684508,-0.6026471451187724
2028-02-14 00:00:00,synthetic,0.659782260646814,0.9797718344610913
2028-02-20 00:00:00,synthetic,0.6573790881080928,0.7917026038006822
2028-03-01 00:00:00,synthetic,0.5612703396166429,-0.5380463320337708
2028-03-11 00:00:00,synthetic,-0.062949760856196,-0.406154744107893
2028-03-13 00:00:00,synthetic,1.0,-0.4157347557726154
2028-03-15 00:00:00,synthetic,1.0,-0.5380879764194966
2028-04-12 00:00:00,synthetic,1.0,0.4102214524881078
2028-04-16 00:00:00,synthetic,1.0,-0.5381402562526032
2028-04-20 00:00:00,synthetic,0.6793895755670903,0.33365815712426716
2028-04-22 00:00:00,synthetic,0.7202767646091953,0.539927050167673
2028-05-04 00:00:00,synthetic,0.4793037020996309,0.35086267802068827
2028-05-10 00:00:00,synthetic,1.0,-0.5381250205333112
2028-05-14 00:00:00,synthetic,1.0,-0.6706863844877788
2028-05-22 00:00:00,synthetic,1.0,-0.702362089532905
2028-05-24 00:00:00,synthetic,1.0,-0.5381388575330152
2028-05-26 00:00:00,synthetic,-0.1585495723105845,-0.05153819804815912
2028-06-05 00:00:00,synthetic,1.0,-0.46093123899123384
2028-06-07 00:00:00,synthetic,0.077001102795912,-0.6834012173474895
2028-06-15 00:00:00,synthetic,1.0,-0.5015850309464288
2028-06-19 00:00:00,synthetic,-0.933846185032028,-0.5959029056090448
2028-06-21 00:00:00,synthetic,1.0,-0.6017981323904974
2028-06-27 00:00:00,synthetic,1.0,0.9148821485507728
2028-07-11 00:00:00,synthetic,1.0,-0.47930132334618575
2028-07-13 00:00:00,synthetic,1.0,-0.49958021223559573
2028-07-15 00:00:00,synthetic,0.4271328707673917,0.43926498697286975
2028-07-17 00:00:00,synthetic,-0.927293875177276,-1.119873865107172
2028-07-19 00:00:00,synthetic,0.303880072591914,-0.7852101849630356
2028-07-29 00:00:00,synthetic,1.0,0.358508124333753
2028-08-04 00:00:00,synthetic,1.0,-0.5381246712061198
2028-08-14 00:00:00,synthetic,1.0,0.7597828572911156
2028-08-16 00:00:00,synthetic,0.2703781753806383,0.4560840022536218
2028-08-18 00:00:00,synthetic,0.3923601023725531,0.4295117851872392
2028-08-20 00:00:00,synthetic,0.4331172766353628,-0.5379441601173695
2028-08-26 00:00:00,synthetic,1.0,-0.42323600717549004
2028-09-03 00:00:00,synthetic,1.0,0.10698772954403091
2028-09-09 00:00:00,synthetic,1.0,0.9743278276982479
2028-09-17 00:00:00,synthetic,1.0,-0.5381492052942974
2028-09-27 00:00:00,synthetic,1.0,-0.5384611771392186
2028-09-29 00:00:00,synthetic,1.0,-0.5381408048859142
2028-10-07 00:00:00,synthetic,0.8358330871624102,-0.5381175162360141
2028-10-09 00:00:00,synthetic,0.4618037163951615,-0.4249494034575387
2028-10-23 00:00:00,synthetic,1.0,0.36319627109801855
2028-10-25 00:00:00,synthetic,0.5918367857125001,-0.447283308356265
2028-10-27 00:00:00,synthetic,0.6040517416745445,0.7302116405588324
2028-11-10 00:00:00,synthetic,1.0,0.5878081477481596
2028-11-12 00:00:00,synthetic,0.0676673380121914,-0.4858478940921284
2028-11-24 00:00:00,synthetic,1.0,-0.5168490065905051
2028-11-26 00:00:00,synthetic,1.0,-0.1441500778332908
2028-11-28 00:00:00,synthetic,-0.1287956388740774,-0.17679107467857835
2028-11-30 00:00:00,synthetic,1.0,-0.5381319807675209
2028-12-02 00:00:00,synthetic,-0.3363316721191182,-1.030584801155987
2028-12-08 00:00:00,synthetic,1.0,-0.5379654308990557
2028-12-20 00:00:00,synthetic,1.0,0.1969645290106652
2028-12-24 00:00:00,synthetic,1.0,1.077159590860649
2029-01-07 00:00:00,synthetic,1.0,0.009512446210169556
2029-01-15 00:00:00,synthetic,1.0,-0.3833504464752555
2029-01-17 00:00:00,synthetic,0.4834371941352666,0.07457407982294573
2029-01-23 00:00:00,synthetic,1.0,0.9601378291953813
2029-02-04 00:00:00,synthetic,1.0,1.192244966924117
2029-02-06 00:00:00,synthetic,-0.1161758418304548,-0.6566360844866486
2029-02-24 00:00:00,synthetic,0.5460334090635321,0.5711347738414652
2029-03-02 00:00:00,synthetic,1.0,-0.46188444582682436
2029-03-06 00:00:00,synthetic,0.1762515350718774,-0.736661027775519
2029-03-10 00:00:00,synthetic,-1.0143882388424448,-0.5610118958647831
2029-03-12 00:00:00,synthetic,0.8474925207232136,-0.20655053329127182
2029-03-22 00:00:00,synthetic,1.0,-0.5381237354039605
2029-03-24 00:00:00,synthetic,1.0,0.8896244489473071
2029-03-26 00:00:00,synthetic,0.4157719814892722,-0.374246474499523
2029-04-09 00:00:00,synthetic,0.6612246325676465,0.2905237970764851
2029-04-15 00:00:00,synthetic,1.0,-0.041473161687145155
2029-04-25 00:00:00,synthetic,1.0,0.03827106575792105
2029-04-27 00:00:00,synthetic,1.0,-0.5382817540548894
2029-04-29 00:00:00,synthetic,1.0,1.078868592833936
2029-05-03 00:00:00,synthetic,0.4159673758646244,0.3241591486287896
2029-05-05 00:00:00,synthetic,1.0,-0.5381223774348145
2029-05-07 00:00:00,synthetic,1.0,-0.4866145210148012
2029-05-19 00:00:00,synthetic,1.0,0.6064347404750696
2029-06-04 00:00:00,synthetic,1.0,-0.5381460171321092
2029-06-08 00:00:00,synthetic,1.0,0.11235717356463737
2029-06-24 00:00:00,synthetic,0.7817499483219933,1.6317675460672174
2029-06-30 00:00:00,synthetic,1.0,-0.4448804361871377
2029-07-16 00:00:00,synthetic,1.0,0.932545339740515
2029-07-18 00:00:00,synthetic,0.6393660020891049,0.9570459257396482
2029-08-07 00:00:00,synthetic,1.0,-0.04258106968514852
2029-08-13 00:00:00,synthetic,1.0,-0.5380977997796695
2029-08-17 00:00:00,synthetic,0.634176979747634,0.46348307846719217
2029-09-02 00:00:00,synthetic,1.0,-0.12656010480459778
2029-09-04 00:00:00,synthetic,0.6119978031720188,-0.5382254025025713
2029-09-20 00:00:00,synthetic,1.0,0.8737713274775716
2029-09-26 00:00:00,synthetic,0.3456022664365495,-0.5860101071899165
2029-10-16 00:00:00,synthetic,1.0,0.09760431851276485
2029-10-28 00:00:00,synthetic,0.4500140876888829,0.6287060664390813
2029-10-30 00:00:00,synthetic,0.80458583395354,-0.5378145029038441
2029-11-03 00:00:00,synthetic,0.2296051167426243,-0.03499738127870278
2029-11-09 00:00:00,synthetic,0.6860781050785926,-0.31721496461539034
2029-11-11 00:00:00,synthetic,0.6394153286386259,-0.025987389438657638
2029-11-15 00:00:00,synthetic,0.4778015295099395,0.31754096553027067
2029-11-21 00:00:00,synthetic,-0.1365527269546775,-0.49872319454370156
2029-11-23 00:00:00,synthetic,1.0,-0.6054732059279824
2029-11-25 00:00:00,synthetic,1.0,-0.5383276456521112
2029-11-27 00:00:00,synthetic,-0.0270113409525931,-0.3417280680921323
2029-11-29 00:00:00,synthetic,0.2985872419461584,-0.5358403923121715
2029-12-01 00:00:00,synthetic,1.0,-0.4508612034104335
2029-12-05 00:00:00,synthetic,1.0,1.0178499219215869
2029-12-13 00:00:00,synthetic,0.4806888680528304,-0.32801415907422354
2029-12-17 00:00:00,synthetic,0.2802897832638619,-0.5370025993160875
2029-12-23 00:00:00,synthetic,1.0,-0.5381229329504584
2029-12-25 00:00:00,synthetic,1.0,0.9336127320093859
2029-12-27 00:00:00,synthetic,-0.1055372572504063,-1.7490313228399785
2030-01-02 00:00:00,synthetic,1.0,-0.5381155165073923
2030-01-04 00:00:00,synthetic,0.469669139235868,0.38883262566154353
2030-01-08 00:00:00,synthetic,0.4650699105497558,0.35146385928520263
2030-01-10 00:00:00,synthetic,1.0,-0.4129723870400972
2030-01-12 00:00:00,synthetic,0.0617551326676321,-0.4500045969439743
2030-01-20 00:00:00,synthetic,1.0,0.8412323512983957
2030-01-26 00:00:00,synthetic,1.0,-0.5381445016460061
2030-02-15 00:00:00,synthetic,1.0,1.0289129837900834
2030-02-25 00:00:00,synthetic,1.0,-0.5380824348844757
2030-03-01 00:00:00,synthetic,0.5256618222032143,-0.40970993195416816
2030-03-09 00:00:00,synthetic,1.0,-0.4381415860285672
2030-03-13 00:00:00,synthetic,0.7249471506319435,-0.4820928372380875
2030-03-21 00:00:00,synthetic,1.0,-0.40135962326395846
2030-03-27 00:00:00,synthetic,0.7779239147322122,1.6997250939686708
2030-04-02 00:00:00,synthetic,1.0,0.39110223069141126
2030-04-08 00:00:00,synthetic,0.8059697979534476,-0.5380935187091213
2030-04-18 00:00:00,synthetic,1.0,-0.5381230346489414
2030-04-24 00:00:00,synthetic,1.0,-0.5382188433896323
2030-04-26 00:00:00,synthetic,0.9175069473140128,-0.5381253242273829
2030-05-08 00:00:00,synthetic,1.0,-0.5381398394421986
2030-05-14 00:00:00,synthetic,1.0,-0.5383301159772319
2030-05-22 00:00:00,synthetic,1.0,-0.5431159278483263
2030-05-28 00:00:00,synthetic,0.5092533010733316,0.46968623757552685
2030-05-30 00:00:00,synthetic,1.0,-0.5381791300311884
2030-06-07 00:00:00,synthetic,1.0,0.14727170545423263
2030-06-09 00:00:00,synthetic,1.0,-0.5659024019374663
2030-06-13 00:00:00,synthetic,0.5496689708889104,-0.5152977446585822
2030-06-19 00:00:00,synthetic,1.0,0.9257057279017042
2030-07-09 00:00:00,synthetic,1.0,-0.5381417028645392
2030-07-11 00:00:00,synthetic,-0.5826595783955403,-0.8148081403091948
2030-07-15 00:00:00,synthetic,1.0,0.6242229233651146
2030-07-31 00:00:00,synthetic,1.0,0.117525575178969
2030-08-08 00:00:00,synthetic,1.0,0.16637689728962946
2030-08-12 00:00:00,synthetic,0.5979861317439975,0.4047422751054587
2030-08-20 00:00:00,synthetic,1.0,-0.41984082315072435
2030-08-22 00:00:00,synthetic,1.0,-0.5381430210677969
2030-08-30 00:00:00,synthetic,0.321133237642665,0.25176295570145635
2030-09-05 00:00:00,synthetic,1.0,-0.5383740798159978
2030-09-11 00:00:00,synthetic,0.4521099666504551,0.19608393113653722
2030-09-29 00:00:00,synthetic,1.0,-0.4442474057611679
2030-10-05 00:00:00,synthetic,1.0,-0.5382001314314727
2030-10-19 00:00:00,synthetic,1.0,-0.4882852861142797
2030-10-21 00:00:00,synthetic,1.0,-0.5401870117938463
2030-10-25 00:00:00,synthetic,0.3445378382543981,0.25084798339142567
2030-11-06 00:00:00,synthetic,0.0808551689608958,0.158009239240269
2030-11-12 00:00:00,synthetic,1.0,-0.42900721540141923
2030-12-02 00:00:00,synthetic,1.0,1.062334867860333
2030-12-06 00:00:00,synthetic,1.0,-0.6532681376792142
2030-12-08 00:00:00,synthetic,0.287964201890807,-0.5942507703453525
2030-12-28 00:00:00,synthetic,1.0,0.7505239311591867
2031-01-07 00:00:00,synthetic,1.0,-0.6070272724816514
2031-01-09 00:00:00,synthetic,1.0,-0.5381342846745382
2031-01-21 00:00:00,synthetic,1.0,0.9117310316990606
2031-01-31 00:00:00,synthetic,1.0,1.0464222747794587
2031-02-02 00:00:00,synthetic,1.0,-0.538250167361494
2031-02-04 00:00:00,synthetic,0.6690159020379735,-0.25146888883148766
2031-02-08 00:00:00,synthetic,0.6214208353076559,-0.28148857287490137
2031-02-10 00:00:00,synthetic,0.2649061594946524,-0.588129931333536
2031-02-16 00:00:00,synthetic,1.0,-0.5381304245720018
2031-02-18 00:00:00,synthetic,1.0,-0.5383884374423774
2031-02-22 00:00:00,synthetic,1.0,-0.5381291593627323
2031-03-04 00:00:00,synthetic,1.0,-0.5381534549910348
2031-03-28 00:00:00,synthetic,1.0,-0.03306545702379915
2031-04-09 00:00:00,synthetic,1.0,-0.5382580782391252
2031-04-21 00:00:00,synthetic,1.0,-0.5381393473445955
2031-04-23 00:00:00,synthetic,1.0,-0.5268660321943075
2031-04-27 00:00:00,synthetic,1.0,0.9463801430157361
2031-04-29 00:00:00,synthetic,1.0,-0.5381385473185137
2031-05-09 00:00:00,synthetic,0.2410546913821405,0.5108679435678749
2031-05-17 00:00:00,synthetic,1.0,0.40911800857196656
2031-05-25 00:00:00,synthetic,1.0,-0.6028386608012019
2031-06-08 00:00:00,synthetic,1.0,0.1296465984245978
2031-06-14 00:00:00,synthetic,0.2565369851753691,0.4885236218609659
2031-06-20 00:00:00,synthetic,1.0,-0.5381323249211091
2031-07-08 00:00:00,synthetic,1.0,0.09157224062509506
2031-07-14 00:00:00,synthetic,1.0,1.0419565429557451
2031-07-20 00:00:00,synthetic,1.0,1.129776849040377
2031-07-28 00:00:00,synthetic,1.0,-0.5381447710419568
2031-08-01 00:00:00,synthetic,1.0,0.9761866039778
2031-08-07 00:00:00,synthetic,1.0,-0.5382538293814715
2031-08-09 00:00:00,synthetic,1.0,-0.5382823451971206
2031-08-13 00:00:00,synthetic,1.0,-0.6518234450907185
2031-09-02 00:00:00,synthetic,1.0,-0.5385044260177124
2031-09-04 00:00:00,synthetic,0.5305529338346407,-0.5388051070242148
2031-10-12 00:00:00,synthetic,1.0,-0.5382617711445218
2031-10-22 00:00:00,synthetic,1.0,-0.5381800239872307
2031-10-24 00:00:00,synthetic,0.6357890386649002,0.7135070391827318
2031-11-05 00:00:00,synthetic,1.0,0.9029723030660028
2031-11-13 00:00:00,synthetic,1.0,0.22666606322913752
2031-12-15 00:00:00,synthetic,1.0,-0.538227949488038
2031-12-19 00:00:00,synthetic,1.0,-0.53810788506955
2031-12-21 00:00:00,synthetic,0.5386203648306325,-0.5376235094201519
2032-02-01 00:00:00,synthetic,0.4332639362753973,0.4571229003394398
2032-02-03 00:00:00,synthetic,1.0,1.0464799382080308
2032-03-08 00:00:00,synthetic,1.0,-0.5381449847206341
2032-04-11 00:00:00,synthetic,1.0,-0.14773265795497093
2032-04-17 00:00:00,synthetic,1.0,-0.5383806226294346
2032-05-17 00:00:00,synthetic,1.0,-0.5381338976094283
2032-05-23 00:00:00,synthetic,1.0,-0.5381303836337087
2032-06-04 00:00:00,synthetic,1.0,-0.49658610549108806
2032-07-26 00:00:00,synthetic,1.0,0.2803686901363517
2032-08-21 00:00:00,synthetic,1.0,-0.5381470602759062
2032-09-12 00:00:00,synthetic,1.0,-0.5385203873043205
2032-10-02 00:00:00,synthetic,1.0,-0.49433971070912475
2032-10-22 00:00:00,synthetic,1.0,0.8997285282730545
2032-11-29 00:00:00,synthetic,1.0,-0.5425063807846646
2033-01-06 00:00:00,synthetic,1.0,-0.5389964959141404
2033-02-03 00:00:00,synthetic,1.0,-0.5384154966144599
2033-03-11 00:00:00,synthetic,1.0,-0.5381400459205704
